Numero_Securite_Sociale,Nom,Prenom,Date_Naissance,Numero_Telephone,E_Mail,ID_Remboursement,Code_Soin,Montant_Remboursement
2730116974448,Frédéric,Édouard,18/12/1985,0178958362,Frédéric.Édouard@gmail.com,81,J8,6.51
1270401901317,Grégory,Nicolas,09/03/1918,0210752385,Grégory.Nicolas@gmail.com,26,I8,0.6
1110257774919,Étienne,François,02/10/1946,0531226343,Étienne.François@gmail.com,88,A4,3.56
2171028859739,Emmanuel,Arthur,01/10/1935,0656373105,Emmanuel.Arthur@gmail.com,81,M2,3.4
2550653692396,Auguste,Paul,25/09/1904,0273909993,Auguste.Paul@gmail.com,75,C1,1.07
1020222263778,Arthur,Maxime,01/04/1986,0735102285,Arthur.Maxime@gmail.com,8,N6,0.71
1300872896161,Julien,Albert,07/09/2012,0961368786,Julien.Albert@gmail.com,75,B9,9.33
2390658370392,Maxime,Jean-François,12/01/1995,0887543934,Maxime.Jean-François@gmail.com,66,D3,4.2700000000000005
1241292356189,Henri,David,23/12/1998,0697958374,Henri.David@gmail.com,8,N8,9.74
2060863672783,Jacques,Sébastien,18/08/2006,0215517847,Jacques.Sébastien@gmail.com,44,G5,0.32
2890232373297,Louis,Cédric,11/02/2003,0394235877,Louis.Cédric@gmail.com,81,K5,1.9100000000000001
2350790861001,Vincent,Denis,28/07/1972,0456768951,Vincent.Denis@gmail.com,96,J2,6.8100000000000005
1830867968051,Frédéric,Bertrand,19/03/2013,0684593110,Frédéric.Bertrand@gmail.com,17,H7,5.15
2180413569437,André,Sébastien,19/06/1939,0769138625,André.Sébastien@gmail.com,54,K8,3.16
2810399648534,Antoine,Denis,15/08/1920,0652731930,Antoine.Denis@gmail.com,92,E2,5.16
2940548180362,Guillaume,Emmanuel,09/05/1943,0911271258,Guillaume.Emmanuel@gmail.com,73,A3,2.87
2930677574954,Julie,Nicolas,22/11/1904,0175329070,Julie.Nicolas@gmail.com,75,B9,0.6
2660446950664,Henri,Daniel,20/11/1961,0450279281,Henri.Daniel@gmail.com,89,G5,1.8900000000000001
2131195609473,Antoine,Joseph,19/05/1996,0669371310,Antoine.Joseph@gmail.com,62,D4,4.21
2330389928307,Noël,Jean-François,20/05/1906,0946200946,Noël.Jean-François@gmail.com,59,N2,9.81
2620802246039,Lucie,François,18/01/1979,0420377567,Lucie.François@gmail.com,34,J3,0.15
2070639604247,Olivier,Julien,14/10/1918,0832056460,Olivier.Julien@gmail.com,60,A1,9.82
1620433178883,Benjamin,Romain,25/05/1900,0486763102,Benjamin.Romain@gmail.com,31,D1,4.22
2610264670839,Jacques,Marie,02/05/1936,0330838432,Jacques.Marie@gmail.com,28,E7,7.45
1421152843359,André,Pierre,17/02/1973,0591680075,André.Pierre@gmail.com,48,M5,5.78
2151192341081,Alexandre,Étienne,01/11/1959,0467667102,Alexandre.Étienne@gmail.com,6,M6,9.56
2401222241940,Lucien,Olivier,07/09/1904,0738156316,Lucien.Olivier@gmail.com,100,B7,9.97
1510590228111,Julien,Jean-Luc,15/04/1905,0345978362,Julien.Jean-Luc@gmail.com,45,H6,2.72
2890142376017,Bertrand,Xavier,22/05/1924,0828622971,Bertrand.Xavier@gmail.com,48,J1,7.8
1170130119439,Paul,Édouard,23/05/1923,0134092263,Paul.Édouard@gmail.com,97,J4,9.26
1900920635269,Maxime,Michel,14/03/1937,0733176443,Maxime.Michel@gmail.com,99,D1,7.5600000000000005
2260665166486,Sophie,Olivier,25/03/1997,0565450750,Sophie.Olivier@gmail.com,39,M8,7.96
1590537314609,Hervé,Guillaume,16/06/1920,0588072463,Hervé.Guillaume@gmail.com,57,I1,6.8500000000000005
1231271754950,Guillaume,Frédéric,12/03/1938,0376905554,Guillaume.Frédéric@gmail.com,45,E6,5.6000000000000005
2561047904433,Romain,Étienne,20/04/1904,0967556136,Romain.Étienne@gmail.com,47,B1,4.16
2350454375782,Arnaud,Denis,27/07/1965,0399877625,Arnaud.Denis@gmail.com,1,L5,2.33
1850146097515,Michel,Sylvain,24/05/1930,0822569575,Michel.Sylvain@gmail.com,99,F3,7.0200000000000005
1111019643103,Julien,Philippe,06/07/1974,0462562715,Julien.Philippe@gmail.com,6,J4,8.03
2340896925644,Fernand,René,27/09/1963,0946786752,Fernand.René@gmail.com,14,K1,0.78
2560422314831,Raymond,Pierre,13/09/1998,0286367865,Raymond.Pierre@gmail.com,8,I2,5.57
2750642039526,Sylvain,Alexandre,09/04/1928,0973892548,Sylvain.Alexandre@gmail.com,23,G7,8.83
1410354809519,Jean,Alexandre,20/10/1938,0996400335,Jean.Alexandre@gmail.com,21,A2,2.48
2641125130009,Hervé,Gabriel,26/10/1904,0325577122,Hervé.Gabriel@gmail.com,54,L6,1.6
2411007496734,Sébastien,François,26/06/1963,0518237166,Sébastien.François@gmail.com,6,H4,6.36
2270748339310,Marius,Michel,18/06/1932,0479495750,Marius.Michel@gmail.com,50,A5,6.41
1891004802034,François,Antoine,01/09/2009,0794642385,François.Antoine@gmail.com,14,M8,3.7600000000000002
1090628006651,Frédéric,Jérôme,15/10/2017,0575622127,Frédéric.Jérôme@gmail.com,64,E7,8.05
2190801489374,Nicolas,Denis,20/08/1910,0638534943,Nicolas.Denis@gmail.com,36,H7,6.8
1290477868339,Marius,Lucien,03/11/1901,0689279998,Marius.Lucien@gmail.com,80,F7,7.95
2711013261397,Jacques,Olivier,04/01/1940,0630686398,Jacques.Olivier@gmail.com,53,N8,9.040000000000001
2140182034820,Jacques,Daniel,26/07/1931,0195820951,Jacques.Daniel@gmail.com,55,D2,6.78
2050418003430,Jérôme,Jérôme,11/09/2015,0478897892,Jérôme.Jérôme@gmail.com,29,G7,7.22
2421146617745,Alfred,Éric,20/05/1961,0967065964,Alfred.Éric@gmail.com,87,L6,4.63
2191263058666,Benjamin,Auguste,26/06/2012,0796184564,Benjamin.Auguste@gmail.com,63,L4,4.19
2040351486210,Laurent,Arthur,07/09/1953,0319675314,Laurent.Arthur@gmail.com,40,K9,1.62
1620643819997,Laurent,Olivier,17/09/1987,0646026727,Laurent.Olivier@gmail.com,6,J8,6.7700000000000005
2220490620627,Pierre,François,16/09/1991,0483810090,Pierre.François@gmail.com,58,K3,4.83
2051162080128,Pierre,Armand,02/07/1927,0796785743,Pierre.Armand@gmail.com,76,M8,3.84
2600671511742,Gérard,Guillaume,02/10/1900,0665358609,Gérard.Guillaume@gmail.com,53,K3,7.74
1560867435643,Lucie,Maurice,15/11/1932,0547413887,Lucie.Maurice@gmail.com,79,N3,0.01
2260719324489,Benjamin,Émile,26/07/1967,0133179361,Benjamin.Émile@gmail.com,10,H3,2.63
2360795834369,René,Raoul,02/10/1937,0683675745,René.Raoul@gmail.com,73,F5,8.120000000000001
2900808602601,Raymond,Yves,18/11/2017,0552141900,Raymond.Yves@gmail.com,70,E5,5.0200000000000005
1370942796562,Patrice,Patrice,16/05/1917,0117023882,Patrice.Patrice@gmail.com,67,K3,9.56
2090192024415,Julie,Claude,25/04/1964,0592048137,Julie.Claude@gmail.com,53,A3,8.97
1090716881370,Gilbert,Philippe,09/10/1955,0277268344,Gilbert.Philippe@gmail.com,15,E6,9.69
2390167268439,Philippe,Maxime,25/10/2012,0568362539,Philippe.Maxime@gmail.com,35,D4,6.8100000000000005
1150829017921,Guillaume,Michel,28/08/1933,0237337154,Guillaume.Michel@gmail.com,65,J2,9.13
2361259075258,David,Alexandre,27/10/1905,0437438245,David.Alexandre@gmail.com,43,C6,0.14
1160347087466,Armand,Lionel,23/10/1944,0776039798,Armand.Lionel@gmail.com,35,M8,4.99
2440477714383,Alfred,Renaud,04/08/1977,0630893775,Alfred.Renaud@gmail.com,48,F3,3.56
1570840321378,David,Vincent,26/01/1974,0268038845,David.Vincent@gmail.com,72,F7,9.06
1000229775436,Julie,Sébastien,16/07/1951,0878277028,Julie.Sébastien@gmail.com,14,G3,2.09
2050145922627,Mathieu,Émile,23/06/2005,0393492816,Mathieu.Émile@gmail.com,87,I3,8.24
1351108111227,Philippe,Michel,14/12/1922,0117526579,Philippe.Michel@gmail.com,8,H5,8.61
1090876087519,Nicolas,Jacques,27/11/1997,0470383645,Nicolas.Jacques@gmail.com,38,L5,0.48
2000184327007,Jean-Luc,Stéphane,07/08/1949,0126912181,Jean-Luc.Stéphane@gmail.com,69,M9,9.93
2430577040601,Renaud,Yves,16/03/1939,0754337970,Renaud.Yves@gmail.com,3,H2,8.14
1111117233128,Arnaud,Pascal,01/06/1904,0876398994,Arnaud.Pascal@gmail.com,8,D6,0.84
1330737122367,Auguste,Christian,05/05/1919,0866841159,Auguste.Christian@gmail.com,5,H6,0.49
1120954536623,Denis,Gustave,26/03/1947,0141328683,Denis.Gustave@gmail.com,8,G7,0.33
1941123904579,Julien,Christophe,03/07/2018,0849397930,Julien.Christophe@gmail.com,76,N5,9.71
2030878670616,Antoine,Antoine,01/01/1996,0978943375,Antoine.Antoine@gmail.com,55,C9,0.52
2900734790711,Julie,Armand,23/06/2007,0956208461,Julie.Armand@gmail.com,97,C6,1.72
2091212871965,Étienne,Nicolas,11/04/1974,0172071577,Étienne.Nicolas@gmail.com,29,F2,7.930000000000001
1900944356841,Alain,Maxime,28/03/1935,0850151214,Alain.Maxime@gmail.com,51,D4,0.67
2050377667173,Raoul,Frédéric,22/10/1940,0916403273,Raoul.Frédéric@gmail.com,21,C8,3.85
1591244031170,Arnaud,Grégory,20/11/1978,0676450459,Arnaud.Grégory@gmail.com,48,H9,6.0600000000000005
1580206302397,Guillaume,Albert,01/06/2008,0163092301,Guillaume.Albert@gmail.com,34,L6,1.48
2980314130703,Jean-Pierre,Marie,15/01/1900,0949268461,Jean-Pierre.Marie@gmail.com,41,N2,5.38
1931022332185,Jérôme,Alexandre,21/10/2010,0421353343,Jérôme.Alexandre@gmail.com,67,F9,6.53
2630940994244,Julie,Lionel,06/03/1934,0252559552,Julie.Lionel@gmail.com,8,F4,3.92
2040124655806,Olivier,Damien,28/06/1934,0738107855,Olivier.Damien@gmail.com,74,B2,1.71
1420759811676,Bernard,Julien,17/03/2002,0366088043,Bernard.Julien@gmail.com,89,B9,1.62
2490934104475,Pierre,Édouard,10/09/1956,0494808243,Pierre.Édouard@gmail.com,97,C3,1.51
1291299878225,Hervé,Emmanuel,02/11/1942,0948009597,Hervé.Emmanuel@gmail.com,39,G1,7.22
2440323248529,Xavier,Philippe,25/09/1993,0216027177,Xavier.Philippe@gmail.com,10,H2,2.07
1900804286183,Grégory,Lionel,24/08/1992,0662383699,Grégory.Lionel@gmail.com,92,D9,5.16
1281072499936,Renaud,Denis,26/03/1984,0617781725,Renaud.Denis@gmail.com,56,H2,6.11
2941195534403,Sylvain,Alfred,02/07/1937,0165819368,Sylvain.Alfred@gmail.com,90,H9,6.5
2680828706389,Vincent,Xavier,06/11/1921,0334442537,Vincent.Xavier@gmail.com,96,L3,6.42
2620891125265,Philippe,Pierre,12/08/1947,0473864810,Philippe.Pierre@gmail.com,72,F3,5.98
2200381953884,Thomas,Gilles,02/12/2000,0670535726,Thomas.Gilles@gmail.com,40,M7,1.6600000000000001
1900667283768,Paul,Sophie,09/11/1946,0828775462,Paul.Sophie@gmail.com,76,E1,3.47
1980856829939,Jacques,Lucien,22/06/1948,0831084161,Jacques.Lucien@gmail.com,36,C4,9.13
1640194018421,Alexandre,Denis,26/07/1999,0741794178,Alexandre.Denis@gmail.com,80,B6,5.98
2140647503032,Pierre,Romain,07/08/2022,0584947412,Pierre.Romain@gmail.com,2,N5,7.0
1041251229972,Mathieu,Alice,02/04/1909,0645333939,Mathieu.Alice@gmail.com,64,H4,3.0700000000000003
1220878999007,Arnaud,Jérôme,26/06/1989,0777514616,Arnaud.Jérôme@gmail.com,66,I7,6.88
1041204855871,Philippe,Marius,23/09/1907,0866454408,Philippe.Marius@gmail.com,98,I6,1.93
2190361074777,Laurent,Sophie,06/02/1998,0110669329,Laurent.Sophie@gmail.com,7,J8,7.19
2130875772240,Éric,Pascal,23/09/1926,0319515367,Éric.Pascal@gmail.com,98,K4,8.86
1040533668509,François,Philippe,09/12/1931,0917240110,François.Philippe@gmail.com,33,D9,3.42
2020727258208,Gustave,Daniel,14/02/2016,0169952043,Gustave.Daniel@gmail.com,3,D2,8.81
1110705011556,Patrice,Marius,20/08/1929,0992597799,Patrice.Marius@gmail.com,48,E6,6.23
1670210579574,Émile,Guillaume,09/07/1907,0867216486,Émile.Guillaume@gmail.com,24,E5,8.120000000000001
2130121686356,Pierre,Maxime,26/02/1981,0935192540,Pierre.Maxime@gmail.com,50,M2,6.99
2880162424575,Daniel,Marie,12/09/1981,0725411593,Daniel.Marie@gmail.com,24,K7,5.71
1301210573054,Bernard,Philippe,15/01/1951,0581633460,Bernard.Philippe@gmail.com,37,B1,1.02
2240274357736,Renaud,Frédéric,07/05/1993,0485031140,Renaud.Frédéric@gmail.com,49,K4,6.41
1440403335130,Marc,Paul,05/11/2015,0325561511,Marc.Paul@gmail.com,6,B4,4.46
2670618504223,Jean-Michel,Cyril,12/03/1907,0360069368,Jean-Michel.Cyril@gmail.com,3,L5,7.74
2631256214875,Lionel,Maxime,23/06/1972,0232159017,Lionel.Maxime@gmail.com,19,F4,5.65
1000521441702,Patrice,Arnaud,18/05/1917,0573855216,Patrice.Arnaud@gmail.com,56,D8,6.29
2230612596930,Sébastien,Marc,15/04/2021,0438184988,Sébastien.Marc@gmail.com,36,M2,5.09
2131127519852,René,Raymond,07/01/1950,0321326512,René.Raymond@gmail.com,77,I7,0.5700000000000001
2361279814054,Julien,Philippe,28/01/1976,0132772427,Julien.Philippe@gmail.com,14,I8,2.44
1761114149979,Georges,Alfred,11/06/1934,0934333999,Georges.Alfred@gmail.com,83,N7,7.62
2220366115763,Thomas,Michel,18/05/1913,0428535291,Thomas.Michel@gmail.com,20,J4,4.58
2691164218618,Pascal,Pierre,18/07/2007,0175219795,Pascal.Pierre@gmail.com,43,D7,3.2
2481134863056,René,Gustave,06/01/2021,0177587849,René.Gustave@gmail.com,74,F8,7.3
2180288144228,René,Pierre,06/02/2017,0829792335,René.Pierre@gmail.com,69,M8,0.98
2860473592499,Jérôme,Benoît,15/07/1952,0632918339,Jérôme.Benoît@gmail.com,40,K6,5.18
2341196452343,Yann,Arthur,17/12/1906,0126325489,Yann.Arthur@gmail.com,16,A5,0.5700000000000001
1150862318335,Pierre,Patrick,04/04/1950,0182517142,Pierre.Patrick@gmail.com,5,F4,9.63
2460507856164,Jean,Raoul,18/03/1988,0661852869,Jean.Raoul@gmail.com,70,E9,8.71
2620919633998,Nicolas,Christian,24/05/2004,0415440439,Nicolas.Christian@gmail.com,7,G9,4.38
2030260169616,Jean,Julien,05/12/1987,0916425431,Jean.Julien@gmail.com,86,K4,5.7700000000000005
1130770415640,Cyril,Thierry,28/08/1990,0976515666,Cyril.Thierry@gmail.com,37,K7,5.34
2330320037493,Olivier,Jérôme,09/05/1927,0856073813,Olivier.Jérôme@gmail.com,15,K1,2.2
1330601801857,Benjamin,Frédéric,13/08/2004,0982020621,Benjamin.Frédéric@gmail.com,54,K4,7.92
1470513194663,François,Étienne,19/01/1900,0376571754,François.Étienne@gmail.com,99,B2,4.1
1221070575970,Jérôme,Julien,26/04/1965,0886941045,Jérôme.Julien@gmail.com,72,J9,2.42
2210136926812,David,Yves,16/03/1993,0958717585,David.Yves@gmail.com,80,H6,4.0
1840313556051,Frédéric,Hubert,16/03/1927,0611886463,Frédéric.Hubert@gmail.com,7,H6,2.7
2710673978557,Olivier,Jacques,14/05/1996,0212317347,Olivier.Jacques@gmail.com,81,H9,1.1300000000000001
2670786144928,Maxime,Stéphane,20/05/1954,0545395820,Maxime.Stéphane@gmail.com,36,H1,1.45
2131017303619,Renaud,Édouard,20/04/1903,0295294023,Renaud.Édouard@gmail.com,52,E2,2.7
1821261595013,Lucien,Olivier,02/02/2012,0686487103,Lucien.Olivier@gmail.com,91,E9,4.62
2060784401314,Sébastien,Nicolas,24/03/2005,0943963636,Sébastien.Nicolas@gmail.com,3,K6,6.8500000000000005
2170206036211,Michel,Henri,11/02/1934,0591818368,Michel.Henri@gmail.com,38,I8,9.53
1101185975072,Jean-Michel,Paul,01/04/1989,0569363328,Jean-Michel.Paul@gmail.com,88,C5,7.38
2390686136662,Maxime,Éric,02/10/1930,0354503767,Maxime.Éric@gmail.com,93,F5,3.46
1230834468229,Raoul,Henri,12/09/1912,0612723105,Raoul.Henri@gmail.com,12,E7,1.52
2570113880411,Antoine,Alexandre,05/02/1943,0228027904,Antoine.Alexandre@gmail.com,17,J7,1.53
1701046572959,Lionel,Olivier,25/02/1935,0524856194,Lionel.Olivier@gmail.com,78,N5,0.38
2000213480890,Antoine,Sébastien,23/03/1922,0453863405,Antoine.Sébastien@gmail.com,56,D2,7.41
2181270201808,Guillaume,Jean,28/01/1980,0379238077,Guillaume.Jean@gmail.com,70,M2,7.4
1030875342234,Nicolas,Alain,21/10/1997,0371947743,Nicolas.Alain@gmail.com,87,B9,3.24
2100316625468,Philippe,Joseph,07/02/1924,0883244641,Philippe.Joseph@gmail.com,72,B1,3.67
2450383783577,Pierre,Christophe,24/09/1976,0686906862,Pierre.Christophe@gmail.com,67,G6,1.76
1040965206669,Olivier,Fernand,02/08/1993,0156047276,Olivier.Fernand@gmail.com,75,M2,1.7
1120219743830,Alfred,Maxime,11/07/1959,0435619608,Alfred.Maxime@gmail.com,70,E3,2.27
1610859359027,Gilles,Jean,21/04/1988,0769394841,Gilles.Jean@gmail.com,38,L9,0.38
2190199939048,Julien,Jean,19/10/1940,0194549883,Julien.Jean@gmail.com,71,B6,7.05
2231160332522,Jean-Pierre,Olivier,19/04/1923,0569461625,Jean-Pierre.Olivier@gmail.com,7,F7,4.47
1940928668541,Hervé,Noël,06/10/1934,0473786829,Hervé.Noël@gmail.com,12,G7,6.75
2451218208301,Claude,Arthur,04/01/2009,0251922513,Claude.Arthur@gmail.com,95,E5,5.74
1690892824328,Arnaud,François,05/04/1968,0269631549,Arnaud.François@gmail.com,71,M6,1.55
1800570321162,René,Philippe,17/09/1903,0117948782,René.Philippe@gmail.com,75,L6,0.64
1090796361774,Michel,Fabien,22/10/1990,0213096657,Michel.Fabien@gmail.com,95,G6,4.23
2490626662445,Romain,Nicolas,08/03/1939,0860654736,Romain.Nicolas@gmail.com,37,M2,2.72
2981016564898,Auguste,Lucien,28/06/1964,0137197884,Auguste.Lucien@gmail.com,30,C9,1.54
2240402371059,François,Lucien,07/02/1984,0644739597,François.Lucien@gmail.com,3,A6,9.78
2590326646735,Marius,Jean-Luc,06/05/1989,0553455723,Marius.Jean-Luc@gmail.com,59,D4,6.37
2790428587659,Jean,Auguste,03/08/2016,0913073306,Jean.Auguste@gmail.com,65,F5,5.01
1940184831213,Georges,Joseph,16/06/1929,0284015086,Georges.Joseph@gmail.com,33,J7,0.22
2330449844705,Hervé,Stéphane,09/10/1932,0248427685,Hervé.Stéphane@gmail.com,34,N6,9.58
1110888243911,Fernand,Georges,16/12/1948,0640725061,Fernand.Georges@gmail.com,26,A5,7.87
1910873054417,Julie,Antoine,23/07/1966,0399980304,Julie.Antoine@gmail.com,53,K8,4.71
2411087058777,Nicolas,Gabriel,14/11/2003,0734956594,Nicolas.Gabriel@gmail.com,59,B9,7.98
1891026428533,Patrice,François,13/11/1991,0780664339,Patrice.François@gmail.com,78,J2,6.18
1140216494908,Gérard,Pierre,12/05/1930,0479154230,Gérard.Pierre@gmail.com,47,G2,6.21
2951008263644,Alice,Hervé,18/09/1979,0839285496,Alice.Hervé@gmail.com,21,D2,7.57
1121275889707,Jacques,Laurent,22/04/1968,0497447581,Jacques.Laurent@gmail.com,75,L9,4.49
2130889749763,Jean-François,Jean-Luc,28/09/2001,0517852756,Jean-François.Jean-Luc@gmail.com,45,K4,0.5700000000000001
1891009537829,Olivier,Laurent,28/05/2005,0120828126,Olivier.Laurent@gmail.com,35,E8,8.93
2200192780841,Antoine,Henri,10/02/1997,0268856973,Antoine.Henri@gmail.com,7,A9,9.69
2170847871380,Auguste,Christophe,21/11/1927,0492230600,Auguste.Christophe@gmail.com,55,G5,3.99
1870869109043,Nicolas,Lionel,07/01/1976,0741634366,Nicolas.Lionel@gmail.com,4,G7,2.41
2970708655104,Jean-Pierre,Pierre,25/04/1971,0516500067,Jean-Pierre.Pierre@gmail.com,49,N1,3.14
1221141639081,Jacques,Lucie,09/12/1963,0221085400,Jacques.Lucie@gmail.com,57,H8,6.74
1200408968132,Lionel,David,28/12/1996,0681108467,Lionel.David@gmail.com,89,J2,5.25
2430272548015,Frédéric,Marie,08/06/1901,0692058409,Frédéric.Marie@gmail.com,7,E5,2.0100000000000002
2090448702166,Lucien,Nicolas,14/04/1948,0199397293,Lucien.Nicolas@gmail.com,22,G9,6.55
2440437077507,Fabien,Nicolas,03/02/1991,0550690533,Fabien.Nicolas@gmail.com,35,K2,5.78
2660499145107,Patrice,Jean-Luc,27/01/2006,0770034999,Patrice.Jean-Luc@gmail.com,44,N6,1.73
2070362431212,Sophie,Sébastien,16/05/2003,0731768382,Sophie.Sébastien@gmail.com,14,L5,7.640000000000001
1351182371406,Étienne,Olivier,27/06/2002,0153777662,Étienne.Olivier@gmail.com,29,M7,1.44
1210962228732,Gabriel,Julie,06/12/2008,0134016661,Gabriel.Julie@gmail.com,24,C9,4.89
2680126024075,Pierre,Christophe,11/05/1970,0486273759,Pierre.Christophe@gmail.com,79,N1,2.41
2901247656549,René,Nicolas,24/07/1911,0150037226,René.Nicolas@gmail.com,30,H5,2.44
1641137792059,Raoul,Xavier,23/09/1945,0417638697,Raoul.Xavier@gmail.com,5,F3,4.62
2151279033244,Alice,Étienne,23/10/1996,0797118370,Alice.Étienne@gmail.com,64,C4,9.22
1270603579347,Fernand,Éric,21/06/1936,0623576075,Fernand.Éric@gmail.com,41,C3,2.72
2831035724759,André,Damien,13/01/1989,0470683295,André.Damien@gmail.com,75,B6,9.17
2100388161404,Denis,Maurice,10/04/1918,0724351924,Denis.Maurice@gmail.com,15,D1,0.17
1610902972915,Antoine,Gustave,11/08/1944,0162230084,Antoine.Gustave@gmail.com,67,C7,1.83
2910266759429,Michel,David,13/10/1973,0423655275,Michel.David@gmail.com,60,K6,8.24
1030503177553,Joseph,Vincent,05/06/2006,0559757690,Joseph.Vincent@gmail.com,27,H3,7.29
2761235744351,Gabriel,Julien,12/04/1908,0456853099,Gabriel.Julien@gmail.com,20,A5,7.47
2951165648939,Alexandre,Olivier,17/02/1964,0682176934,Alexandre.Olivier@gmail.com,35,C4,5.38
2051256505545,Guillaume,Stéphane,17/02/1906,0558996195,Guillaume.Stéphane@gmail.com,43,I7,9.99
1460323967937,Frédéric,Jacques,17/12/1928,0617201222,Frédéric.Jacques@gmail.com,60,M3,7.05
2010182032941,Hervé,Georges,10/12/1999,0192341375,Hervé.Georges@gmail.com,72,K7,5.41
1770179486111,Charles,Julien,15/03/1919,0234512025,Charles.Julien@gmail.com,41,C3,0.31
1690852099532,Laurent,Jean,18/07/1923,0532142955,Laurent.Jean@gmail.com,40,H7,0.18
1760367111528,Pascal,Alain,02/07/1992,0414270883,Pascal.Alain@gmail.com,66,E7,7.44
1651015236615,Benoît,Olivier,19/09/1937,0966783443,Benoît.Olivier@gmail.com,84,E7,4.91
1560786228065,Paul,Vincent,01/06/1951,0942895751,Paul.Vincent@gmail.com,45,E7,7.66
2591201043016,Albert,Hervé,06/12/1941,0444529264,Albert.Hervé@gmail.com,65,E8,3.0
2190397140733,Arnaud,Étienne,16/08/1953,0574034333,Arnaud.Étienne@gmail.com,73,L4,5.92
1820238591694,Philippe,Joseph,07/11/1911,0495932643,Philippe.Joseph@gmail.com,91,I8,1.82
2160869280239,Alexandre,Marie,27/09/1925,0670398135,Alexandre.Marie@gmail.com,99,F2,0.28
1900238309137,Maxime,Claude,21/03/2008,0374650089,Maxime.Claude@gmail.com,95,G9,3.56
1020553879047,Albert,Philippe,10/11/1996,0933358713,Albert.Philippe@gmail.com,97,F4,2.2600000000000002
2280684043201,Denis,Antoine,09/05/1992,0383633478,Denis.Antoine@gmail.com,1,H2,3.0300000000000002
1560679499790,Alexandre,Emmanuel,23/11/1935,0797719493,Alexandre.Emmanuel@gmail.com,70,A6,2.7800000000000002
1490809792471,Pierre,Pierre,24/03/2022,0756065063,Pierre.Pierre@gmail.com,24,A9,5.32
2111212226595,Stéphane,Marie,23/11/1961,0529482099,Stéphane.Marie@gmail.com,6,I3,9.01
1890303359256,Philippe,Gilbert,01/01/1976,0293165134,Philippe.Gilbert@gmail.com,83,H3,1.5
1911038436501,Patrice,Paul,20/09/1926,0859116605,Patrice.Paul@gmail.com,89,F6,7.05
2300136184881,Étienne,Olivier,22/06/1963,0448840263,Étienne.Olivier@gmail.com,19,K2,7.04
1201064210298,Vincent,Julie,06/09/2008,0496941814,Vincent.Julie@gmail.com,13,D5,1.61
2240937789095,Romain,Fernand,04/10/1978,0216082076,Romain.Fernand@gmail.com,85,L6,4.66
1551278333238,François,Arnaud,07/10/1941,0660806672,François.Arnaud@gmail.com,71,D4,4.57
2811242737804,Antoine,André,10/08/1958,0789493783,Antoine.André@gmail.com,33,G1,5.04
1390678154304,Christian,Philippe,02/03/1980,0899196122,Christian.Philippe@gmail.com,56,J3,4.62
1200828322682,Nicolas,Alain,19/05/1934,0632627308,Nicolas.Alain@gmail.com,24,C6,0.29
1910418760264,Olivier,Laurent,18/06/2013,0122009471,Olivier.Laurent@gmail.com,58,I7,6.6000000000000005
1080276469230,Bernard,Romain,08/08/1972,0770775300,Bernard.Romain@gmail.com,89,M5,9.68
2730884780148,Éric,Armand,20/10/1923,0190220207,Éric.Armand@gmail.com,98,H4,6.62
1110186811631,Denis,Paul,17/09/1940,0789660078,Denis.Paul@gmail.com,16,C9,4.68
2810737945385,Marc,Gustave,16/11/1935,0467746973,Marc.Gustave@gmail.com,92,K9,1.93
2981254689364,Cédric,Albert,28/09/1925,0733556586,Cédric.Albert@gmail.com,81,K5,2.25
1050778702045,Auguste,Michel,23/07/2000,0870350710,Auguste.Michel@gmail.com,20,L3,4.83
2100393737387,Gabriel,Patrice,18/02/1939,0273893659,Gabriel.Patrice@gmail.com,43,D2,3.31
2840492991154,Claude,Pascal,10/08/1963,0643217116,Claude.Pascal@gmail.com,81,C3,3.86
2910222136617,Antoine,Vincent,08/03/1936,0986791110,Antoine.Vincent@gmail.com,81,C7,9.52
1111197961266,Julie,Armand,09/10/1988,0829176521,Julie.Armand@gmail.com,53,I1,6.890000000000001
2801258883001,Éric,Lionel,20/11/1939,0641728171,Éric.Lionel@gmail.com,38,J8,7.69
2371133300245,Raoul,Denis,10/10/1923,0520397530,Raoul.Denis@gmail.com,59,B1,5.88
1231151375409,Grégory,Fernand,23/01/2017,0669858912,Grégory.Fernand@gmail.com,76,C2,1.05
2641246206848,Pierre,Henri,18/06/1942,0690132154,Pierre.Henri@gmail.com,69,J9,2.7600000000000002
1230145328787,Charles,Raoul,09/06/1920,0777409756,Charles.Raoul@gmail.com,36,F3,5.48
2030677153126,Christophe,Laurent,20/11/1939,0723926347,Christophe.Laurent@gmail.com,54,B1,8.03
1981234430969,Étienne,Philippe,01/06/1984,0235313815,Étienne.Philippe@gmail.com,28,M9,4.66
2490444508541,Alfred,Christian,21/07/1986,0743550047,Alfred.Christian@gmail.com,89,F9,2.63
1800428196233,Philippe,Gilbert,10/06/2019,0360969969,Philippe.Gilbert@gmail.com,58,C6,1.36
2690664981149,Guillaume,Louis,09/03/1923,0569194881,Guillaume.Louis@gmail.com,28,G1,2.75
2611235130274,Édouard,Gérard,03/08/2017,0114691113,Édouard.Gérard@gmail.com,73,J3,7.390000000000001
1810169627427,Vincent,Frédéric,28/10/1944,0141043043,Vincent.Frédéric@gmail.com,64,A6,3.68
2831006960501,Renaud,Raoul,06/03/1978,0316736028,Renaud.Raoul@gmail.com,66,B5,3.5700000000000003
2570288637017,Charles,Nicolas,09/01/1953,0255535891,Charles.Nicolas@gmail.com,98,J5,0.99
1160455438914,Alexandre,Renaud,27/12/1981,0457209338,Alexandre.Renaud@gmail.com,26,L2,0.32
1430952184142,Benoît,Renaud,21/06/1901,0265625656,Benoît.Renaud@gmail.com,39,K7,0.16
2270510350889,Christian,Pierre,26/08/1901,0364727780,Christian.Pierre@gmail.com,49,C7,0.9400000000000001
2201147941674,Bertrand,Patrick,03/11/1982,0933899563,Bertrand.Patrick@gmail.com,39,M3,9.13
1290323438815,Albert,Patrice,15/09/1957,0670205145,Albert.Patrice@gmail.com,58,F4,5.2
2790866539519,Olivier,Raymond,13/03/1946,0293915105,Olivier.Raymond@gmail.com,65,J5,5.2
2390674765423,Nicolas,François,21/10/2004,0556630849,Nicolas.François@gmail.com,24,K9,6.0200000000000005
2060286059932,Xavier,Damien,22/05/1980,0434867247,Xavier.Damien@gmail.com,100,H7,8.21
1851252406174,Christian,Benjamin,18/10/1985,0914161993,Christian.Benjamin@gmail.com,80,C4,4.63
2890501892194,Philippe,Joseph,21/05/1944,0849946181,Philippe.Joseph@gmail.com,18,I3,3.64
2171127422748,Pascal,Alexandre,09/04/1945,0278096965,Pascal.Alexandre@gmail.com,28,C4,7.65
2090575425057,Olivier,Vincent,21/04/1946,0227997351,Olivier.Vincent@gmail.com,15,C3,0.96
1760428558545,Jérôme,Vincent,17/12/1915,0961569519,Jérôme.Vincent@gmail.com,59,I9,2.38
1950553104820,Guillaume,Éric,15/03/1900,0993553711,Guillaume.Éric@gmail.com,41,B4,5.71
2850529634841,Henri,Patrice,11/03/2006,0959957266,Henri.Patrice@gmail.com,79,G7,6.3500000000000005
1401159296921,Cyril,Grégory,02/09/1902,0417887053,Cyril.Grégory@gmail.com,36,L7,8.11
2570392118812,Gabriel,Armand,26/02/1989,0546005090,Gabriel.Armand@gmail.com,96,L7,1.82
2580260974186,Damien,Arnaud,20/12/1988,0713092957,Damien.Arnaud@gmail.com,20,B6,7.01
1200796943938,Marie,Michel,07/06/1986,0558445905,Marie.Michel@gmail.com,30,K8,3.2600000000000002
2530641021869,Émile,Philippe,04/07/1943,0174927849,Émile.Philippe@gmail.com,99,A3,2.23
2380116900237,Alexandre,Pascal,24/12/2008,0556716405,Alexandre.Pascal@gmail.com,67,G9,0.35000000000000003
1910678070060,Emmanuel,Gilles,13/07/2009,0334120274,Emmanuel.Gilles@gmail.com,14,A5,3.8200000000000003
1470831240287,Jacques,Julie,09/04/1998,0168203571,Jacques.Julie@gmail.com,48,A9,7.2700000000000005
1130723899466,Frédéric,Antoine,14/03/1979,0997933529,Frédéric.Antoine@gmail.com,12,B8,4.88
1790664683627,Gabriel,Michel,05/08/1947,0992428485,Gabriel.Michel@gmail.com,69,E5,0.13
2290543914804,Marcel,Sophie,10/04/1942,0775189191,Marcel.Sophie@gmail.com,88,F9,5.67
2001011379060,Fabien,Thierry,02/12/2012,0559721610,Fabien.Thierry@gmail.com,2,F9,4.89
1680458976458,Bernard,Daniel,15/01/1978,0743527614,Bernard.Daniel@gmail.com,23,I6,7.08
1470475937473,Denis,Étienne,23/10/1995,0438212342,Denis.Étienne@gmail.com,26,D3,2.16
2540854152202,Pierre,Sébastien,28/07/1901,0175901480,Pierre.Sébastien@gmail.com,92,B9,1.16
1331062799071,Alice,Jérôme,07/01/1906,0553808487,Alice.Jérôme@gmail.com,18,C1,6.1000000000000005
2130480348018,Pierre,Benjamin,21/04/1905,0360978940,Pierre.Benjamin@gmail.com,19,F3,6.8100000000000005
1280618038317,Michel,Frédéric,22/03/1947,0373210425,Michel.Frédéric@gmail.com,44,A8,1.75
1560272566649,Auguste,Jean,08/06/1902,0254430084,Auguste.Jean@gmail.com,19,A3,9.77
1741236829012,David,Philippe,16/06/1926,0849082325,David.Philippe@gmail.com,63,J2,9.21
1410736464880,Gustave,Vincent,08/04/1946,0134487988,Gustave.Vincent@gmail.com,8,I2,3.96
1181266351602,Arthur,Alexandre,23/07/1979,0855589360,Arthur.Alexandre@gmail.com,54,B9,3.91
1670927673836,Noël,François,04/12/1906,0346433513,Noël.François@gmail.com,12,G9,5.0200000000000005
2920204407645,Alfred,Étienne,02/01/1942,0252653214,Alfred.Étienne@gmail.com,52,N6,6.76
1120775949955,Renaud,Frédéric,10/10/1948,0822943032,Renaud.Frédéric@gmail.com,49,D3,7.890000000000001
1591072226854,Yann,Fabien,02/12/1916,0896263645,Yann.Fabien@gmail.com,11,I3,6.12
1460854999299,Gabriel,Pierre,20/01/1913,0595265418,Gabriel.Pierre@gmail.com,12,C3,1.02
2750922540262,Frédéric,Thierry,02/07/1980,0296118270,Frédéric.Thierry@gmail.com,52,N5,2.16
1391169237261,Étienne,Marie,13/09/1934,0585272843,Étienne.Marie@gmail.com,55,A9,5.86
1210709905625,Étienne,Paul,07/04/1918,0176207307,Étienne.Paul@gmail.com,50,J8,7.890000000000001
2100139929118,Gilles,Pierre,28/05/1933,0151640503,Gilles.Pierre@gmail.com,86,J1,3.23
2740687728017,Éric,Arthur,27/04/2018,0210165160,Éric.Arthur@gmail.com,30,F4,4.4
1420889318788,Denis,Yann,25/09/1901,0939148045,Denis.Yann@gmail.com,40,I1,7.4
1050886847499,Olivier,François,12/03/1935,0498404419,Olivier.François@gmail.com,84,I7,7.67
2501043499379,Vincent,Lucie,09/02/1925,0356944665,Vincent.Lucie@gmail.com,97,J5,0.17
1520891761958,Romain,Maxime,16/06/1934,0275884804,Romain.Maxime@gmail.com,50,N6,8.86
2530150333214,Jacques,Joseph,04/09/2019,0921984257,Jacques.Joseph@gmail.com,72,K3,0.98
1780360617549,Pierre,Laurent,23/04/1938,0491274961,Pierre.Laurent@gmail.com,60,H7,5.1000000000000005
2611043483618,Jean,Jean-François,10/06/1946,0982731655,Jean.Jean-François@gmail.com,46,I8,7.8500000000000005
2690688440759,Jean-Luc,Pascal,01/11/1900,0993970279,Jean-Luc.Pascal@gmail.com,97,M1,9.48
2701151030043,Guillaume,Renaud,19/09/1961,0226238873,Guillaume.Renaud@gmail.com,57,A9,6.86
1700376005344,Michel,Bernard,17/06/2008,0623519154,Michel.Bernard@gmail.com,67,A4,7.4
2571024332191,Julie,François,17/03/1949,0817880857,Julie.François@gmail.com,2,D1,4.41
2820782355572,Marie,Olivier,22/10/1973,0664374905,Marie.Olivier@gmail.com,46,I7,4.8100000000000005
2470362345596,Jean,Alexandre,20/01/2020,0473126653,Jean.Alexandre@gmail.com,20,B8,3.2800000000000002
2070761130012,Éric,Jacques,04/10/2018,0259416400,Éric.Jacques@gmail.com,19,B1,9.13
1391165248055,Alice,Lionel,11/04/1922,0512558255,Alice.Lionel@gmail.com,67,D5,6.36
1770758766525,André,Étienne,15/09/2021,0377041981,André.Étienne@gmail.com,42,A4,0.25
2130771545986,Lucie,Joseph,22/11/1958,0419745839,Lucie.Joseph@gmail.com,17,N6,0.24
1730786611845,Gilbert,David,03/08/1992,0122917501,Gilbert.David@gmail.com,21,D9,4.03
1500736458232,Cédric,Jean-François,15/12/1980,0683258140,Cédric.Jean-François@gmail.com,96,M8,3.64
1200896110759,Cyril,Christophe,21/12/1958,0357846852,Cyril.Christophe@gmail.com,40,G4,7.6000000000000005
2790801306642,Vincent,Pascal,26/08/1977,0488577708,Vincent.Pascal@gmail.com,99,E5,1.0
1090968028861,Daniel,François,11/08/1905,0638448560,Daniel.François@gmail.com,33,D5,3.64
2460803729291,Thierry,Cyril,14/02/1988,0215913359,Thierry.Cyril@gmail.com,96,F2,4.2
2610394326561,Yves,Olivier,15/11/2000,0779006532,Yves.Olivier@gmail.com,48,D8,4.19
2720396063722,Denis,Michel,09/10/1908,0753195075,Denis.Michel@gmail.com,9,D6,3.5
1080383032445,David,Christophe,11/08/1927,0410564077,David.Christophe@gmail.com,66,E5,9.61
1740612025837,Gilles,Yann,22/03/1957,0534200724,Gilles.Yann@gmail.com,39,H2,1.0
1010318806660,Lionel,Étienne,24/04/1976,0183438693,Lionel.Étienne@gmail.com,49,K5,3.13
2010845306256,Alexandre,Antoine,13/08/2006,0995103737,Alexandre.Antoine@gmail.com,23,M7,3.2600000000000002
1040971786103,Armand,Philippe,17/02/2022,0335645452,Armand.Philippe@gmail.com,65,I8,1.17
1490170739514,Olivier,Auguste,25/09/1931,0271433699,Olivier.Auguste@gmail.com,56,E9,8.8
1341220712757,Olivier,Olivier,16/12/1914,0254009734,Olivier.Olivier@gmail.com,76,F9,5.95
1640649258595,Benoît,André,25/08/1903,0112087930,Benoît.André@gmail.com,55,I9,9.200000000000001
1410557908876,Olivier,Raoul,02/10/1912,0244156944,Olivier.Raoul@gmail.com,90,H2,8.09
1660112873702,Sophie,Joseph,11/09/1924,0357142894,Sophie.Joseph@gmail.com,81,H8,8.4
2020533049272,Éric,Thomas,16/07/1946,0312279984,Éric.Thomas@gmail.com,80,E3,9.5
2140401987586,David,Olivier,27/08/1974,0331291876,David.Olivier@gmail.com,25,I3,8.290000000000001
1710767051862,Benoît,Alexandre,05/05/1905,0224219029,Benoît.Alexandre@gmail.com,38,L1,7.3
1890843539255,Marius,Romain,07/06/1944,0576375474,Marius.Romain@gmail.com,15,I5,8.97
2780570915466,Benoît,Mathieu,23/08/1926,0732191948,Benoît.Mathieu@gmail.com,20,K6,1.85
1240195223213,Xavier,Arnaud,05/06/1909,0430177057,Xavier.Arnaud@gmail.com,4,D5,7.63
2260384195301,Laurent,Pierre,27/06/1975,0660682601,Laurent.Pierre@gmail.com,22,N2,1.53
2210968003508,Guillaume,Sébastien,16/07/1963,0724553825,Guillaume.Sébastien@gmail.com,84,B2,6.7700000000000005
1460155504435,Grégory,Gilbert,22/10/1959,0760999628,Grégory.Gilbert@gmail.com,30,M2,1.03
2440804775908,Olivier,Jean,03/10/1932,0920973546,Olivier.Jean@gmail.com,60,J9,7.2
1330591676942,Arnaud,Nicolas,28/08/1930,0226758971,Arnaud.Nicolas@gmail.com,3,F9,8.19
1480517845412,Denis,Gabriel,05/10/1941,0521797932,Denis.Gabriel@gmail.com,58,D5,9.92
2151133341761,Frédéric,Vincent,13/09/1955,0344643698,Frédéric.Vincent@gmail.com,47,C1,3.23
1120991890501,Claude,André,12/06/1955,0997248275,Claude.André@gmail.com,31,G9,4.71
1270626725505,Benjamin,Benjamin,07/05/1924,0589021593,Benjamin.Benjamin@gmail.com,18,M2,7.640000000000001
2920488046245,Marie,Jérôme,21/09/1969,0148464763,Marie.Jérôme@gmail.com,13,D9,6.7700000000000005
1060160857598,Georges,Frédéric,17/10/1943,0358245632,Georges.Frédéric@gmail.com,4,D3,7.28
1630808900842,Paul,Noël,02/04/2010,0623176598,Paul.Noël@gmail.com,75,J9,5.2
1560733701979,Philippe,Charles,15/06/1908,0180713263,Philippe.Charles@gmail.com,53,E3,0.33
1210968999988,Alice,Nicolas,03/07/1920,0634067814,Alice.Nicolas@gmail.com,56,J8,5.11
2210715883470,Denis,Jacques,25/07/1921,0156477119,Denis.Jacques@gmail.com,22,M7,4.88
1991146273245,Sébastien,Xavier,03/04/1944,0595154464,Sébastien.Xavier@gmail.com,26,F1,8.39
1801008553022,Jean-François,Louis,24/04/1943,0363323312,Jean-François.Louis@gmail.com,82,I9,5.12
1470555549005,Jean-Luc,Damien,20/01/1954,0250056745,Jean-Luc.Damien@gmail.com,7,K2,4.95
1451212690504,Lucie,Jean-François,10/01/1987,0964094739,Lucie.Jean-François@gmail.com,89,J2,3.84
1250802771545,Nicolas,Claude,04/05/1973,0981333843,Nicolas.Claude@gmail.com,71,G6,1.94
1200148726341,Patrice,Arnaud,03/03/1962,0989942079,Patrice.Arnaud@gmail.com,93,D7,4.28
1321051178866,Olivier,Gilles,23/07/1902,0735526521,Olivier.Gilles@gmail.com,79,N2,9.94
1040465660145,Jean-François,Gilles,15/11/1984,0398088703,Jean-François.Gilles@gmail.com,11,H7,8.870000000000001
1530922962660,Philippe,Cyril,16/02/1940,0936932580,Philippe.Cyril@gmail.com,65,F2,1.67
1111185731339,Philippe,Renaud,18/09/1904,0874826774,Philippe.Renaud@gmail.com,93,B3,2.5500000000000003
1160495377009,Gilbert,Vincent,26/08/2000,0254452422,Gilbert.Vincent@gmail.com,54,B2,6.3100000000000005
1390441379277,Thomas,Paul,11/01/2008,0429708769,Thomas.Paul@gmail.com,36,D8,0.16
2160109518229,Louis,Édouard,23/04/1937,0833436756,Louis.Édouard@gmail.com,45,J8,6.68
1430629071785,Gustave,Sébastien,06/02/2003,0129512911,Gustave.Sébastien@gmail.com,65,C4,9.65
2430887303918,Jérôme,Paul,13/01/2004,0986651514,Jérôme.Paul@gmail.com,66,N8,5.87
2170652176282,Paul,François,07/10/2015,0466486596,Paul.François@gmail.com,94,D7,3.0300000000000002
1120412780797,Fabien,Alfred,22/07/1997,0473175187,Fabien.Alfred@gmail.com,95,G8,5.32
1180780579963,Vincent,Arnaud,06/01/1913,0346714351,Vincent.Arnaud@gmail.com,90,M8,2.85
1031294495795,Stéphane,Maurice,08/07/1930,0621583719,Stéphane.Maurice@gmail.com,5,L8,2.11
2640293904918,Alfred,David,06/09/1955,0618902588,Alfred.David@gmail.com,91,M7,4.7700000000000005
1861195128406,Cyril,Frédéric,05/11/1999,0782126737,Cyril.Frédéric@gmail.com,60,E8,2.0300000000000002
2670569618427,Jean-Pierre,Gabriel,22/08/1965,0483772389,Jean-Pierre.Gabriel@gmail.com,63,C9,8.49
2330645310891,Maxime,Renaud,04/10/1976,0538474696,Maxime.Renaud@gmail.com,3,I3,0.8
2381178435633,Patrice,Pierre,13/02/1928,0777246959,Patrice.Pierre@gmail.com,98,A6,4.65
2701041734357,Gabriel,Gilbert,11/10/1996,0269290197,Gabriel.Gilbert@gmail.com,63,I5,7.67
2110114161911,Thomas,Noël,19/09/1971,0187610409,Thomas.Noël@gmail.com,1,F7,2.14
2890370686822,Grégory,Édouard,03/02/1948,0975253528,Grégory.Édouard@gmail.com,27,K8,3.52
2070416941512,Christophe,Marius,16/02/1942,0829137658,Christophe.Marius@gmail.com,98,F6,3.84
1871135391109,Alexandre,Lucie,13/01/1922,0171562115,Alexandre.Lucie@gmail.com,33,L9,2.87
2190315846574,Étienne,Pierre,12/06/1910,0327036158,Étienne.Pierre@gmail.com,24,L4,4.72
2220286973188,Albert,André,14/03/1929,0897381607,Albert.André@gmail.com,62,M3,2.79
1551085790505,Arnaud,Sylvain,21/01/2012,0839803408,Arnaud.Sylvain@gmail.com,6,F6,5.86
1110891401198,Frédéric,Stéphane,03/01/2000,0495950186,Frédéric.Stéphane@gmail.com,17,N2,9.59
2040356838436,Vincent,Yves,07/06/1986,0817195263,Vincent.Yves@gmail.com,10,E3,1.58
1040189367825,Benjamin,Alice,09/06/1912,0226759998,Benjamin.Alice@gmail.com,4,A4,0.88
1350490469012,Jean-Pierre,Mathieu,17/03/1969,0829690288,Jean-Pierre.Mathieu@gmail.com,69,B7,9.22
1921186516059,François,Alfred,02/06/1909,0679189689,François.Alfred@gmail.com,56,D7,6.75
2840372713749,Paul,Arnaud,22/09/2019,0596362529,Paul.Arnaud@gmail.com,38,L2,4.67
1030530188209,Frédéric,Marcel,18/08/1989,0568856564,Frédéric.Marcel@gmail.com,4,B6,5.1000000000000005
1000630052463,Éric,Mathieu,13/02/1982,0682742317,Éric.Mathieu@gmail.com,88,L8,6.62
2530410303110,Lionel,Noël,12/06/1923,0292566144,Lionel.Noël@gmail.com,64,E2,4.83
1060621052711,Jean,Maxime,23/04/2001,0927506181,Jean.Maxime@gmail.com,8,H9,4.5
1740248374576,Pierre,Arnaud,19/02/1987,0312080535,Pierre.Arnaud@gmail.com,32,I5,8.39
2711157456422,Cédric,Fernand,11/09/1970,0735760543,Cédric.Fernand@gmail.com,7,M6,1.69
1420669913539,Bertrand,André,08/03/1906,0929213800,Bertrand.André@gmail.com,53,K6,2.18
2080742443782,Yves,Laurent,26/05/2011,0394464863,Yves.Laurent@gmail.com,99,A3,9.64
2700425106081,Sophie,Maxime,28/07/1934,0627785978,Sophie.Maxime@gmail.com,73,B2,5.54
2171003745456,Étienne,Olivier,06/12/2018,0575126021,Étienne.Olivier@gmail.com,11,C9,6.5
2550506725077,Jean-Michel,Olivier,17/10/1944,0854344629,Jean-Michel.Olivier@gmail.com,89,N7,9.51
2371005105662,Paul,Raoul,20/01/2007,0537168873,Paul.Raoul@gmail.com,50,E2,6.6000000000000005
1040262505207,Charles,Arnaud,04/02/1952,0839639947,Charles.Arnaud@gmail.com,97,A4,1.01
1021038922567,Marc,Pierre,09/07/1926,0451697362,Marc.Pierre@gmail.com,90,G2,5.12
1510177823312,Nicolas,Gustave,27/06/1975,0884719044,Nicolas.Gustave@gmail.com,50,F4,3.34
1200228736177,Denis,Albert,26/01/1960,0866868418,Denis.Albert@gmail.com,11,D7,7.29
2530162666578,Mathieu,Fernand,18/09/1933,0616180520,Mathieu.Fernand@gmail.com,56,B3,3.21
1790617377484,Xavier,Raoul,04/02/1988,0752332772,Xavier.Raoul@gmail.com,28,H9,4.61
1820398482019,Marie,Patrice,20/08/1943,0881346651,Marie.Patrice@gmail.com,75,K4,2.64
2141268131424,Maxime,Jacques,13/07/2001,0160754343,Maxime.Jacques@gmail.com,5,K4,9.8
1110618754091,Bertrand,Nicolas,06/08/1958,0977256171,Bertrand.Nicolas@gmail.com,82,E4,6.8
1150338567382,Yves,Olivier,23/10/1949,0819444623,Yves.Olivier@gmail.com,42,D7,2.35
2451084174471,Joseph,Gilbert,21/06/1996,0440544484,Joseph.Gilbert@gmail.com,72,H1,4.12
2831246315310,Michel,Henri,19/08/1997,0829157416,Michel.Henri@gmail.com,80,N8,9.870000000000001
1121215847804,Yves,Benoît,13/03/1977,0831064159,Yves.Benoît@gmail.com,99,M1,4.83
2840909664184,François,Lionel,13/09/1983,0182021637,François.Lionel@gmail.com,75,B1,3.22
1761111939645,Arnaud,Jean,14/08/1963,0963032612,Arnaud.Jean@gmail.com,28,N8,7.32
2000211315023,Fernand,Olivier,09/04/2020,0297977014,Fernand.Olivier@gmail.com,39,F4,3.93
1100373313065,Frédéric,Auguste,22/03/2022,0292250666,Frédéric.Auguste@gmail.com,91,A7,7.96
1020311788574,Jérôme,Thomas,20/04/1988,0138374907,Jérôme.Thomas@gmail.com,31,I6,2.24
2250885461313,Alexandre,Joseph,01/08/1952,0473925295,Alexandre.Joseph@gmail.com,44,G7,6.07
1071069266995,Vincent,Auguste,13/07/1929,0561258872,Vincent.Auguste@gmail.com,65,F7,0.81
2570936694983,Benjamin,Frédéric,09/10/1914,0322014603,Benjamin.Frédéric@gmail.com,75,A1,6.57
2360391022652,Gilles,Auguste,21/09/1984,0536853619,Gilles.Auguste@gmail.com,57,I9,7.140000000000001
2190304480107,Grégory,Philippe,11/11/1923,0688079293,Grégory.Philippe@gmail.com,62,K1,9.06
1541197010075,Alain,Lionel,13/11/2022,0217837637,Alain.Lionel@gmail.com,72,H3,1.75
2331143352656,Olivier,Benjamin,05/11/2017,0245281829,Olivier.Benjamin@gmail.com,80,D6,7.05
1880994530444,Sylvain,Claude,07/11/1955,0590852641,Sylvain.Claude@gmail.com,90,H3,6.140000000000001
2810403369026,Alice,Romain,11/07/1966,0268525029,Alice.Romain@gmail.com,55,C6,3.09
1010247831573,René,Noël,14/01/1986,0893272947,René.Noël@gmail.com,96,F7,6.76
2181226375186,Laurent,Charles,24/05/2017,0418149872,Laurent.Charles@gmail.com,87,K1,0.58
1860825743866,Maurice,Maurice,07/08/1943,0841901569,Maurice.Maurice@gmail.com,16,H2,3.2800000000000002
2690851021103,Philippe,Armand,10/09/2011,0863034072,Philippe.Armand@gmail.com,24,B7,7.0200000000000005
2180311341121,Pierre,Mathieu,02/05/1952,0251765467,Pierre.Mathieu@gmail.com,63,J7,1.8800000000000001
2700193678195,Henri,Maxime,25/06/1964,0974582800,Henri.Maxime@gmail.com,28,F5,5.99
2830846190244,Sébastien,Marius,11/03/1943,0738448772,Sébastien.Marius@gmail.com,94,I3,6.68
2010869639029,Julien,Thomas,08/12/1992,0146299102,Julien.Thomas@gmail.com,46,N6,7.36
1820962278000,Édouard,François,21/01/1944,0146015082,Édouard.François@gmail.com,1,K3,9.55
1030156081820,Vincent,François,18/07/1903,0373137370,Vincent.François@gmail.com,45,J6,8.540000000000001
1871045095397,Albert,Hervé,11/02/2003,0836503665,Albert.Hervé@gmail.com,17,A2,4.6000000000000005
2850316320238,Frédéric,Laurent,12/01/1965,0245273370,Frédéric.Laurent@gmail.com,70,M7,9.97
2010357952272,Nicolas,Marc,13/11/2007,0835183672,Nicolas.Marc@gmail.com,42,C1,6.4
2560797156873,André,Olivier,15/06/1923,0759262011,André.Olivier@gmail.com,92,L5,4.65
1870812466964,Hervé,Pierre,06/08/2011,0214573087,Hervé.Pierre@gmail.com,1,D8,7.2
1130383213462,Olivier,Alain,02/01/1961,0169738904,Olivier.Alain@gmail.com,12,E9,9.65
1650338885359,Nicolas,Olivier,13/07/1936,0192696022,Nicolas.Olivier@gmail.com,59,J3,7.87
2121244924962,Jérôme,Grégory,03/11/1989,0839709932,Jérôme.Grégory@gmail.com,53,I4,2.99
2420322976533,Frédéric,Pierre,12/12/2010,0247317960,Frédéric.Pierre@gmail.com,83,G3,7.03
1410339411583,Jean-François,Benoît,17/04/1922,0583511838,Jean-François.Benoît@gmail.com,41,H5,4.04
2950658452118,Sébastien,André,06/05/1963,0858003783,Sébastien.André@gmail.com,69,B9,2.82
2101026633571,Michel,Thomas,10/01/1921,0347141941,Michel.Thomas@gmail.com,47,N6,1.9000000000000001
1541180881119,Raymond,Marius,23/08/1991,0213380144,Raymond.Marius@gmail.com,9,I8,1.24
1250620568971,Marcel,Noël,16/05/1922,0331445716,Marcel.Noël@gmail.com,90,E2,8.51
1790412998849,Michel,Auguste,04/11/1926,0528608162,Michel.Auguste@gmail.com,26,E4,9.33
2950821129991,Vincent,Gilles,02/03/1941,0572714182,Vincent.Gilles@gmail.com,79,M2,1.8
1231058782085,Lucie,Gustave,16/08/1959,0396993538,Lucie.Gustave@gmail.com,42,H4,4.8
2231144473289,Paul,René,27/02/1956,0235663483,Paul.René@gmail.com,96,G3,4.66
1320137767580,Thierry,Patrick,11/02/1933,0712050858,Thierry.Patrick@gmail.com,93,H1,2.35
1060256312859,Cyril,Maurice,25/04/1929,0222417768,Cyril.Maurice@gmail.com,75,N7,3.45
1350747318351,Henri,Marcel,25/10/1957,0210568687,Henri.Marcel@gmail.com,70,E6,4.2700000000000005
1220414296990,Pierre,Laurent,06/01/2019,0928898867,Pierre.Laurent@gmail.com,35,L4,8.28
1670723416388,Claude,Christian,19/03/1946,0599987097,Claude.Christian@gmail.com,81,K1,6.68
2080433759474,Hervé,Henri,20/08/1950,0454579086,Hervé.Henri@gmail.com,2,E6,0.85
1220538223998,Alfred,Grégory,19/07/1980,0247370013,Alfred.Grégory@gmail.com,86,C2,6.96
1220340477988,Laurent,Vincent,09/07/1912,0398669121,Laurent.Vincent@gmail.com,44,D9,4.29
1100111800524,Julien,Romain,19/12/1995,0891175397,Julien.Romain@gmail.com,27,K1,3.04
2230425528018,Laurent,Antoine,21/11/1922,0861012410,Laurent.Antoine@gmail.com,68,M2,6.05
2880982113448,Michel,Patrice,20/07/1930,0937251288,Michel.Patrice@gmail.com,23,B4,7.17
2000798469103,Marius,Nicolas,25/03/1912,0625065919,Marius.Nicolas@gmail.com,7,F2,8.78
2110528319042,Fernand,Joseph,21/03/2005,0126337039,Fernand.Joseph@gmail.com,62,M4,3.02
1750695588587,Lionel,Paul,13/02/1911,0965816716,Lionel.Paul@gmail.com,57,F7,6.46
1960182272904,Philippe,Charles,26/12/1953,0874850232,Philippe.Charles@gmail.com,56,I6,0.59
1720273753667,Alice,Fabien,09/09/1939,0882695090,Alice.Fabien@gmail.com,10,M5,8.61
2050997498694,André,Arthur,23/11/1937,0787647839,André.Arthur@gmail.com,99,B4,2.32
2020871293339,Arnaud,Cyril,07/12/1935,0930549046,Arnaud.Cyril@gmail.com,77,N7,0.29
1430335574634,Paul,Christophe,02/10/2023,0774749562,Paul.Christophe@gmail.com,37,C1,5.57
1950303387709,Olivier,Sébastien,24/06/2016,0395574077,Olivier.Sébastien@gmail.com,9,J9,0.12
2890493431438,Marius,Julien,01/11/1983,0748914146,Marius.Julien@gmail.com,95,K5,7.5
2070796680769,Alice,Daniel,15/06/1923,0313246946,Alice.Daniel@gmail.com,59,L3,7.54
1561201285488,Arnaud,David,06/01/1997,0247083847,Arnaud.David@gmail.com,58,I2,9.57
1831257793168,Vincent,Damien,17/02/1960,0619983311,Vincent.Damien@gmail.com,88,E6,8.790000000000001
1871189334462,Sophie,Gustave,18/09/1917,0137281379,Sophie.Gustave@gmail.com,6,J2,7.890000000000001
1190720674613,Vincent,Jean,12/12/1963,0748692369,Vincent.Jean@gmail.com,61,B8,5.0200000000000005
2491047871953,Jérôme,Romain,07/05/2017,0178711752,Jérôme.Romain@gmail.com,9,G2,6.18
1070617121364,Benoît,Hervé,04/12/1990,0841852921,Benoît.Hervé@gmail.com,97,H2,4.78
