Numero_Securite_Sociale,Nom,Prenom,Date_Naissance,Numero_Telephone,E_Mail,ID_Remboursement,Code_Soin,Montant_Remboursement
1210804828306,Olivier,Jean-Luc,18/07/1993,0156340093,Olivier.Jean-Luc@gmail.com,88,D8,7.51
1640606758991,Marius,François,09/02/1979,0248527366,Marius.François@gmail.com,59,M3,0.71
2690758109248,David,Olivier,08/04/1978,0431506131,David.Olivier@gmail.com,20,J8,1.79
1260332510917,Marie,Michel,20/11/1926,0960956766,Marie.Michel@gmail.com,78,E7,2.72
2070776427679,André,Gilles,25/06/1903,0544577938,André.Gilles@gmail.com,5,F2,4.15
1720561429307,Benoît,Bernard,18/07/1988,0862929322,Benoît.Bernard@gmail.com,61,D3,8.47
1990186357174,François,Charles,19/01/1964,0667602539,François.Charles@gmail.com,96,M9,9.69
1210258586594,Fabien,Jacques,03/10/1971,0461892551,Fabien.Jacques@gmail.com,100,J2,8.89
2380271246737,Alain,Laurent,01/04/2005,0154183303,Alain.Laurent@gmail.com,65,J4,7.2700000000000005
2870713518383,Nicolas,Sébastien,24/10/2001,0115913835,Nicolas.Sébastien@gmail.com,98,B2,5.96
2181129657126,Jérôme,Étienne,17/05/1998,0111530329,Jérôme.Étienne@gmail.com,100,M7,9.21
1400662476321,Lionel,Christian,01/10/1951,0883834194,Lionel.Christian@gmail.com,3,M5,8.46
1080279669120,Jacques,Lucien,16/09/2000,0998339865,Jacques.Lucien@gmail.com,20,F5,1.37
2000512094274,Pascal,François,04/06/1954,0118948590,Pascal.François@gmail.com,88,H5,8.01
1890549702934,Benjamin,Renaud,02/07/1913,0618895385,Benjamin.Renaud@gmail.com,63,K4,5.38
2390661628923,Olivier,Joseph,11/08/1958,0243448133,Olivier.Joseph@gmail.com,28,I4,5.03
1070283294566,Bertrand,Cédric,23/12/1959,0793911437,Bertrand.Cédric@gmail.com,6,N4,5.05
1120687138625,Christian,Fabien,16/08/1982,0733513988,Christian.Fabien@gmail.com,39,A9,2.06
2721296114821,Lionel,Benjamin,13/04/1926,0229710079,Lionel.Benjamin@gmail.com,63,F9,4.44
1160870190789,Sophie,Philippe,09/02/1905,0917920565,Sophie.Philippe@gmail.com,96,K4,6.62
1010360518119,Jean-Luc,Michel,23/10/2013,0362075217,Jean-Luc.Michel@gmail.com,39,B5,2.19
2691262247969,Pascal,Sophie,15/06/1918,0398531116,Pascal.Sophie@gmail.com,95,G9,7.890000000000001
1160725421745,Michel,Olivier,07/06/1959,0143369430,Michel.Olivier@gmail.com,87,E3,8.91
2200801277555,Cyril,Sylvain,19/04/1982,0531561558,Cyril.Sylvain@gmail.com,75,A6,6.55
2031062162686,Emmanuel,Hervé,27/05/1977,0244324969,Emmanuel.Hervé@gmail.com,66,E5,4.82
2380453298378,Raymond,Auguste,14/11/1915,0531558100,Raymond.Auguste@gmail.com,43,D8,5.11
1280665431511,Éric,Thierry,28/12/1939,0215278165,Éric.Thierry@gmail.com,26,E9,2.5
1061202455215,Daniel,Maxime,23/03/2023,0161633926,Daniel.Maxime@gmail.com,83,K5,5.12
2650926707412,Paul,Émile,28/12/1929,0775341708,Paul.Émile@gmail.com,24,K5,1.97
1160581624470,Émile,Christophe,07/04/1905,0945847892,Émile.Christophe@gmail.com,2,E7,7.3500000000000005
2171096828536,Patrice,Alfred,19/04/1974,0596853302,Patrice.Alfred@gmail.com,49,C7,8.49
1760778711536,Sébastien,Henri,19/09/2014,0971084527,Sébastien.Henri@gmail.com,3,D9,3.0100000000000002
1450789977449,Raymond,Damien,02/04/1983,0858573452,Raymond.Damien@gmail.com,72,D9,6.62
2640669836658,Bernard,Paul,06/12/1980,0941062419,Bernard.Paul@gmail.com,61,A4,4.69
1220668371437,Emmanuel,David,13/12/1978,0715527097,Emmanuel.David@gmail.com,81,I4,1.05
2260963710904,Jérôme,Laurent,01/11/1928,0491589780,Jérôme.Laurent@gmail.com,49,B1,6.41
1681181611351,François,Armand,04/07/1907,0739363326,François.Armand@gmail.com,93,G2,1.17
1620534565708,Vincent,Philippe,26/11/1950,0755494692,Vincent.Philippe@gmail.com,52,C4,3.35
2510515538245,Guillaume,Michel,26/12/2001,0931652789,Guillaume.Michel@gmail.com,9,L4,4.45
1451120693969,Christian,Maurice,05/08/1968,0189834311,Christian.Maurice@gmail.com,46,E5,5.9
1410181610072,Arnaud,Grégory,14/05/1969,0578911493,Arnaud.Grégory@gmail.com,46,M3,4.01
1331249483723,Pierre,Hervé,15/03/1994,0275494448,Pierre.Hervé@gmail.com,75,N6,6.42
1920559956670,Albert,Marius,05/09/1909,0271942982,Albert.Marius@gmail.com,96,M4,4.3500000000000005
2841198149886,Denis,Vincent,22/01/2019,0639933568,Denis.Vincent@gmail.com,5,L6,2.35
1901199692405,Gérard,Maxime,04/08/1966,0621105482,Gérard.Maxime@gmail.com,17,I5,2.39
1920214502014,Paul,Laurent,27/12/1933,0891368699,Paul.Laurent@gmail.com,45,L4,4.33
1020604599443,Raoul,Raymond,23/05/1919,0478183128,Raoul.Raymond@gmail.com,4,L3,3.15
1210476787422,Jean-Michel,Alain,12/04/1948,0481806011,Jean-Michel.Alain@gmail.com,73,B4,1.01
1511144399409,Yves,Grégory,18/07/2022,0166348680,Yves.Grégory@gmail.com,68,E8,4.33
2960770723532,Maurice,Julien,13/11/1920,0412691453,Maurice.Julien@gmail.com,23,F5,6.6000000000000005
1461071344486,Maxime,Sébastien,12/06/1926,0714580851,Maxime.Sébastien@gmail.com,97,A4,9.73
1171033065457,Sophie,Lucien,21/08/1923,0158449629,Sophie.Lucien@gmail.com,17,D2,8.16
1910321935716,Grégory,Julien,15/06/2002,0576404566,Grégory.Julien@gmail.com,37,D7,7.46
1490552652657,Maurice,Vincent,19/10/1925,0444548437,Maurice.Vincent@gmail.com,41,H4,3.9
2780165569454,Sylvain,Alexandre,06/06/1941,0372411362,Sylvain.Alexandre@gmail.com,5,B8,7.68
2300798696994,Raoul,Pascal,09/09/1963,0934712097,Raoul.Pascal@gmail.com,92,H2,9.21
1171069313795,Olivier,Bernard,25/09/1940,0726442907,Olivier.Bernard@gmail.com,74,D1,5.5
2740294688367,Nicolas,Nicolas,15/08/1902,0665161887,Nicolas.Nicolas@gmail.com,43,A9,9.99
1200439716740,Marius,André,01/05/2013,0336209989,Marius.André@gmail.com,73,G6,9.58
2230564242460,Patrice,Mathieu,25/01/1943,0971818531,Patrice.Mathieu@gmail.com,84,G8,1.67
1900278775120,Lucien,Olivier,28/02/1993,0195662315,Lucien.Olivier@gmail.com,9,M5,9.14
1040536262635,Henri,Fabien,23/12/1939,0830408976,Henri.Fabien@gmail.com,28,M8,1.49
1370714649064,Olivier,Auguste,16/01/1998,0431559206,Olivier.Auguste@gmail.com,93,K6,0.34
1600223725108,Olivier,Frédéric,06/12/2004,0515206123,Olivier.Frédéric@gmail.com,65,M6,6.34
2480501760728,Pascal,Jean-François,13/08/1965,0738814674,Pascal.Jean-François@gmail.com,17,H4,2.4
2200942213439,Cyril,Nicolas,23/10/1962,0388791691,Cyril.Nicolas@gmail.com,9,C5,4.38
2731194889006,Gilbert,Auguste,05/10/2002,0831208559,Gilbert.Auguste@gmail.com,3,F5,4.15
1321153857517,Philippe,Nicolas,06/10/1921,0330440144,Philippe.Nicolas@gmail.com,100,J7,6.46
1751170382566,Marcel,Antoine,24/10/2005,0914195680,Marcel.Antoine@gmail.com,20,K8,7.97
1630952767765,Alice,Étienne,26/10/1907,0895190078,Alice.Étienne@gmail.com,35,D5,4.99
1200621909755,Nicolas,Antoine,26/08/2006,0270514912,Nicolas.Antoine@gmail.com,28,A6,6.3100000000000005
1711193173214,Jérôme,Sophie,23/10/1999,0693523600,Jérôme.Sophie@gmail.com,20,I4,9.03
2550164556139,Cyril,Bertrand,27/09/2021,0196191706,Cyril.Bertrand@gmail.com,66,G2,6.49
1060729836116,Georges,Philippe,10/04/1945,0379538556,Georges.Philippe@gmail.com,41,J3,1.42
2331035652995,Jean,Gabriel,04/10/1937,0863671230,Jean.Gabriel@gmail.com,83,B9,2.36
2521262804885,Sébastien,Hervé,22/05/1973,0584754537,Sébastien.Hervé@gmail.com,29,H6,4.08
2010771124801,Gérard,Vincent,16/11/1904,0994599149,Gérard.Vincent@gmail.com,46,D1,4.6000000000000005
2420590791369,Julie,Vincent,20/11/1988,0953569205,Julie.Vincent@gmail.com,70,L2,3.45
2520748537063,Jean,Louis,04/01/2007,0990834473,Jean.Louis@gmail.com,45,K9,6.16
1491041108265,Étienne,Hervé,27/05/1984,0464908727,Étienne.Hervé@gmail.com,43,I5,1.87
1160373021037,Sébastien,Patrice,12/09/1941,0857634221,Sébastien.Patrice@gmail.com,7,A2,8.94
2130924760638,Pascal,Claude,28/05/2023,0296368228,Pascal.Claude@gmail.com,17,K5,1.83
1460673134300,Daniel,Denis,03/02/1998,0750782051,Daniel.Denis@gmail.com,83,B8,9.01
1470768372833,Alice,Hervé,08/03/1927,0412190620,Alice.Hervé@gmail.com,80,E4,8.16
1560419728009,Marcel,Maurice,10/03/1908,0943075878,Marcel.Maurice@gmail.com,40,F7,8.6
2340759900447,Gabriel,Sophie,13/09/1936,0284528403,Gabriel.Sophie@gmail.com,68,L5,3.59
2200716797728,Romain,Antoine,13/06/1955,0926637766,Romain.Antoine@gmail.com,58,F2,9.99
2410455750626,Romain,Pierre,05/09/1928,0920108880,Romain.Pierre@gmail.com,97,B5,8.48
1991216930813,Noël,Henri,14/11/1986,0351734375,Noël.Henri@gmail.com,86,D6,6.9
1920442371974,Julien,Laurent,22/10/1950,0632812654,Julien.Laurent@gmail.com,59,C4,8.21
2851082670985,Antoine,Maxime,12/01/2013,0137012062,Antoine.Maxime@gmail.com,64,F9,6.43
2570808982307,Pierre,Albert,03/12/1928,0318281932,Pierre.Albert@gmail.com,79,L1,3.23
1840830904839,Benjamin,Louis,26/08/1938,0333009302,Benjamin.Louis@gmail.com,58,K6,5.51
1201202660835,Grégory,Julien,23/08/1937,0377952430,Grégory.Julien@gmail.com,100,N3,7.9
1801214909337,François,Denis,09/02/2004,0717331385,François.Denis@gmail.com,88,J7,5.5200000000000005
2141101714111,Nicolas,Étienne,27/07/1920,0255827558,Nicolas.Étienne@gmail.com,45,B1,7.95
1490729141311,Patrice,Benoît,26/07/1933,0216340124,Patrice.Benoît@gmail.com,70,I5,4.8500000000000005
1110629449132,Grégory,Albert,02/05/2010,0810066019,Grégory.Albert@gmail.com,63,M5,7.12
1160531050662,Thomas,Jean-Pierre,04/07/1923,0964752387,Thomas.Jean-Pierre@gmail.com,34,C3,9.65
1370401867624,Cédric,Stéphane,01/02/1976,0549324587,Cédric.Stéphane@gmail.com,52,A7,0.51
2820105038393,Hervé,Marc,05/04/1972,0370575407,Hervé.Marc@gmail.com,8,J7,1.93
1800581173860,Stéphane,Laurent,09/12/2023,0362452343,Stéphane.Laurent@gmail.com,65,M5,8.83
2870956328410,Fabien,Olivier,22/11/1902,0399804851,Fabien.Olivier@gmail.com,64,D3,4.82
2340124549716,David,Cédric,10/08/2015,0529136305,David.Cédric@gmail.com,20,B5,9.97
2210249120432,Gilles,Gilles,05/05/1942,0291497566,Gilles.Gilles@gmail.com,94,I6,2.6
1530861441302,Alice,Jean-Luc,04/01/2012,0485003909,Alice.Jean-Luc@gmail.com,45,N6,1.27
2210754253632,Grégory,Vincent,28/04/1958,0617866194,Grégory.Vincent@gmail.com,5,K4,4.83
2290840806813,Sophie,Arnaud,28/06/1985,0968658168,Sophie.Arnaud@gmail.com,65,M7,8.6
2330980398215,Laurent,Guillaume,28/02/1908,0622094820,Laurent.Guillaume@gmail.com,41,D6,1.48
2200295328244,Pierre,Renaud,26/08/2021,0288836656,Pierre.Renaud@gmail.com,41,F3,1.84
1180222877592,Jacques,Alice,16/06/2006,0932123295,Jacques.Alice@gmail.com,65,I4,4.72
1350494569708,Pierre,Frédéric,11/06/1938,0610306906,Pierre.Frédéric@gmail.com,67,G6,8.49
1180351392075,Stéphane,Mathieu,21/03/2012,0735703963,Stéphane.Mathieu@gmail.com,89,L7,7.22
1440363272006,Laurent,Jacques,18/03/2004,0921567577,Laurent.Jacques@gmail.com,71,I9,4.75
1721155342348,Pierre,Alice,15/11/1901,0627616533,Pierre.Alice@gmail.com,83,J6,9.82
1970782589471,David,Michel,13/05/1954,0236682047,David.Michel@gmail.com,95,H9,8.120000000000001
2920314867679,Damien,Raoul,23/05/1922,0183533605,Damien.Raoul@gmail.com,58,F1,8.22
1631161860790,Sébastien,Christian,18/03/1914,0856952275,Sébastien.Christian@gmail.com,37,N2,4.93
2790136633424,Arnaud,Xavier,18/02/1930,0367306085,Arnaud.Xavier@gmail.com,99,N4,2.16
2251117849365,Patrick,Maxime,27/02/1979,0414399883,Patrick.Maxime@gmail.com,52,A5,6.19
2460453015053,Laurent,Jean-Luc,24/10/1949,0745000123,Laurent.Jean-Luc@gmail.com,63,F2,1.73
1530917520890,Émile,Patrice,24/06/1994,0843111378,Émile.Patrice@gmail.com,91,C5,0.17
1180344670421,Julie,Mathieu,21/05/2011,0337211564,Julie.Mathieu@gmail.com,35,F3,4.82
2430340963493,Thomas,Hervé,26/10/1966,0666978901,Thomas.Hervé@gmail.com,41,G9,8.96
2440221237568,Julien,Paul,28/01/1908,0414255422,Julien.Paul@gmail.com,100,E7,7.29
1330527423667,Damien,Benjamin,08/02/1947,0384036176,Damien.Benjamin@gmail.com,4,D8,4.43
2891088531195,Damien,François,21/02/1977,0479060933,Damien.François@gmail.com,7,K6,5.3100000000000005
2520636897177,Georges,Frédéric,01/01/2002,0278220904,Georges.Frédéric@gmail.com,57,B2,0.85
1160355376688,Gilbert,Nicolas,01/07/2000,0245960171,Gilbert.Nicolas@gmail.com,20,K4,2.48
1070827441338,Raymond,Alfred,24/09/1933,0567861081,Raymond.Alfred@gmail.com,79,B9,7.75
2460168367663,Claude,Sébastien,27/08/2019,0966570573,Claude.Sébastien@gmail.com,31,K7,5.08
2910350642876,Jean-François,Michel,09/11/2008,0150683750,Jean-François.Michel@gmail.com,35,A9,1.97
2030315418893,David,Vincent,09/08/1987,0730697184,David.Vincent@gmail.com,90,H2,5.26
1310375349059,Olivier,Gustave,12/11/1925,0546732761,Olivier.Gustave@gmail.com,27,C3,1.18
2190818183576,Armand,Alfred,24/12/1941,0760160056,Armand.Alfred@gmail.com,72,F6,5.15
2850782632813,Nicolas,Grégory,21/09/1941,0321429940,Nicolas.Grégory@gmail.com,16,K8,7.16
2210457986845,René,Yves,12/12/1968,0564137007,René.Yves@gmail.com,19,L8,7.3
1100844243355,Gilles,Louis,16/10/2007,0125827685,Gilles.Louis@gmail.com,24,E3,2.29
2160458148785,Jean-Luc,Cyril,17/04/1934,0419009017,Jean-Luc.Cyril@gmail.com,82,M6,5.92
1281155809147,Paul,Emmanuel,03/10/1976,0354272216,Paul.Emmanuel@gmail.com,25,J5,9.97
1960153100221,Philippe,Thomas,20/10/1934,0781267668,Philippe.Thomas@gmail.com,18,J5,0.91
1110306377292,Yann,Sébastien,23/02/2000,0624862554,Yann.Sébastien@gmail.com,45,E9,5.82
1190438071930,Étienne,Antoine,10/05/1919,0122215267,Étienne.Antoine@gmail.com,67,J7,3.5700000000000003
2071224902736,Jean-Michel,François,28/04/1958,0798896135,Jean-Michel.François@gmail.com,34,I4,8.48
2000325094666,Julien,Laurent,26/04/2012,0338054754,Julien.Laurent@gmail.com,78,M5,6.28
1120530449456,Patrice,David,18/06/1948,0466894301,Patrice.David@gmail.com,68,F1,2.25
2810677008136,Paul,Jean-Michel,01/09/1964,0548691601,Paul.Jean-Michel@gmail.com,9,H9,4.28
2420919807382,Cyril,Éric,02/04/1933,0356622524,Cyril.Éric@gmail.com,86,D6,5.5200000000000005
1460716611831,Alain,Daniel,08/11/1969,0212613953,Alain.Daniel@gmail.com,35,M9,4.75
2130814416334,Laurent,Patrice,28/01/2017,0342078006,Laurent.Patrice@gmail.com,36,M7,6.36
1220177592822,Lionel,Jean-Michel,10/11/2014,0810694764,Lionel.Jean-Michel@gmail.com,40,N5,5.86
2100386188264,Alfred,Alain,05/05/1903,0244731868,Alfred.Alain@gmail.com,88,J9,9.96
1230631099463,Laurent,Pascal,27/07/1989,0322962681,Laurent.Pascal@gmail.com,62,D4,6.6000000000000005
2041212544464,Alice,Jean,20/07/1987,0618379954,Alice.Jean@gmail.com,100,C6,8.07
1061230289835,Lucie,Olivier,17/05/1919,0831682915,Lucie.Olivier@gmail.com,88,B6,5.78
1170898990234,Gustave,Thierry,12/06/1909,0779219289,Gustave.Thierry@gmail.com,24,L6,2.47
1170862293315,Jérôme,Alain,03/03/1973,0153211471,Jérôme.Alain@gmail.com,65,G4,6.76
1891288314029,Jacques,Julien,25/10/1912,0919525498,Jacques.Julien@gmail.com,17,B5,7.94
1710264040866,Jean-François,Alexandre,11/10/2016,0585433056,Jean-François.Alexandre@gmail.com,88,C1,3.7600000000000002
2030457251603,Romain,Pascal,23/06/1988,0560037734,Romain.Pascal@gmail.com,26,M8,7.2700000000000005
1141086815289,Thierry,André,26/12/1957,0385528256,Thierry.André@gmail.com,69,E4,1.6400000000000001
1590664093179,Yann,Benjamin,22/02/1986,0184799072,Yann.Benjamin@gmail.com,11,I3,1.3900000000000001
2400926232631,Olivier,Jean-François,23/11/1963,0824653480,Olivier.Jean-François@gmail.com,65,N7,9.0
1440142014848,Joseph,Julien,16/06/1901,0180122698,Joseph.Julien@gmail.com,11,H8,5.14
2931230160278,Jérôme,Pierre,08/11/1946,0448372900,Jérôme.Pierre@gmail.com,87,C9,4.48
1320240032441,Hervé,Gilles,15/09/1980,0113331421,Hervé.Gilles@gmail.com,41,G9,9.16
1300910538709,André,Olivier,12/02/1938,0437734148,André.Olivier@gmail.com,48,B8,7.12
2410218877831,Bertrand,Claude,01/06/1951,0283091293,Bertrand.Claude@gmail.com,66,J9,7.44
1081258875371,Lionel,Lionel,23/04/2002,0567753135,Lionel.Lionel@gmail.com,85,C7,7.25
2650576836995,Jérôme,Gilbert,09/09/1902,0912006131,Jérôme.Gilbert@gmail.com,35,A3,7.25
1871145283899,Antoine,Alexandre,25/08/1921,0624740027,Antoine.Alexandre@gmail.com,31,G5,5.69
1660251722327,Cyril,Xavier,02/02/1994,0674952054,Cyril.Xavier@gmail.com,93,E7,2.83
2481135729737,Arthur,Bertrand,22/12/1999,0924860456,Arthur.Bertrand@gmail.com,61,G1,1.6300000000000001
2241063047565,Hervé,Hervé,18/02/1970,0380164326,Hervé.Hervé@gmail.com,63,H5,4.16
2300179721382,Mathieu,Michel,27/06/2016,0434384127,Mathieu.Michel@gmail.com,62,B9,1.92
1800307747706,Étienne,Jean-Michel,15/12/1945,0598393737,Étienne.Jean-Michel@gmail.com,76,M7,6.2
2450633216951,Joseph,Cyril,13/01/1989,0944040831,Joseph.Cyril@gmail.com,45,K2,7.3
2870286625256,Bernard,Émile,19/07/1947,0669965289,Bernard.Émile@gmail.com,61,H9,8.870000000000001
2950616816083,Julien,Jean-Pierre,17/10/1980,0587339071,Julien.Jean-Pierre@gmail.com,76,C8,0.38
2850614736549,Damien,Philippe,12/09/1928,0699880487,Damien.Philippe@gmail.com,11,A6,4.54
2330483120404,François,François,12/11/1968,0133237005,François.François@gmail.com,51,H9,3.67
2140754751428,Alfred,Pascal,20/12/1902,0339948648,Alfred.Pascal@gmail.com,74,I9,0.6900000000000001
2160384039164,Armand,Philippe,22/06/1998,0414714704,Armand.Philippe@gmail.com,86,J9,2.92
1180768679448,Mathieu,Gilles,06/05/1977,0839270324,Mathieu.Gilles@gmail.com,76,F1,2.34
2770521112075,David,Olivier,27/04/1988,0652299637,David.Olivier@gmail.com,91,N6,7.44
2761138741784,Jacques,François,17/10/1932,0586544271,Jacques.François@gmail.com,78,A4,2.81
1811255121991,Benoît,Maxime,22/10/1950,0557102216,Benoît.Maxime@gmail.com,85,E8,8.51
1480592848815,Daniel,Denis,19/06/1944,0710406122,Daniel.Denis@gmail.com,42,J8,3.35
1080339407381,Joseph,Alexandre,02/09/1938,0244555532,Joseph.Alexandre@gmail.com,55,M3,8.36
2090355055586,Olivier,Denis,21/01/1926,0297756913,Olivier.Denis@gmail.com,35,D8,2.6
1191243638818,Pierre,Henri,14/01/1907,0438884912,Pierre.Henri@gmail.com,81,L5,8.16
1540120441639,Laurent,Henri,15/09/1983,0189185884,Laurent.Henri@gmail.com,82,G2,8.64
2290415526005,Maxime,Patrice,27/09/1997,0289372560,Maxime.Patrice@gmail.com,80,H6,1.58
1060807471983,Michel,Christophe,14/06/1912,0977612639,Michel.Christophe@gmail.com,98,A9,4.26
1680807826350,Olivier,Armand,13/02/1981,0687607884,Olivier.Armand@gmail.com,61,H9,5.65
2680735225429,Sébastien,Alain,27/09/1960,0623988888,Sébastien.Alain@gmail.com,86,A4,5.68
2620567326362,Yves,Benoît,28/02/1961,0517728639,Yves.Benoît@gmail.com,60,D7,3.79
2621185972375,Auguste,Raoul,12/03/1963,0289255485,Auguste.Raoul@gmail.com,68,B8,9.22
2740651350853,Claude,Mathieu,25/12/1944,0361280946,Claude.Mathieu@gmail.com,47,E5,3.8200000000000003
1870718539277,Georges,Grégory,18/06/1979,0481942649,Georges.Grégory@gmail.com,86,C8,9.39
1340995562137,Lucien,Paul,21/07/1953,0944976609,Lucien.Paul@gmail.com,87,J3,2.11
2261135469933,André,Charles,04/02/1978,0361394652,André.Charles@gmail.com,9,C8,5.51
1410682902600,Raoul,Grégory,15/05/1981,0543669939,Raoul.Grégory@gmail.com,82,B3,4.59
2980280410206,Xavier,Patrice,13/12/1916,0435572218,Xavier.Patrice@gmail.com,14,L5,6.53
1010386372203,Armand,Arthur,18/02/1905,0336921731,Armand.Arthur@gmail.com,73,L7,4.21
1570893579364,Nicolas,Jean-François,10/01/1940,0357275877,Nicolas.Jean-François@gmail.com,75,G9,3.68
1521080504636,Auguste,Gustave,18/08/1988,0470579003,Auguste.Gustave@gmail.com,35,B9,4.18
1191082900898,Julie,Stéphane,27/02/2007,0554776611,Julie.Stéphane@gmail.com,63,M1,9.39
2500413527683,François,Cédric,01/12/1916,0240464751,François.Cédric@gmail.com,91,C5,8.97
2210973925421,Alfred,Marc,09/02/1903,0841860533,Alfred.Marc@gmail.com,56,I9,7.5
2140771959524,Emmanuel,Jérôme,12/08/1903,0980697340,Emmanuel.Jérôme@gmail.com,100,E6,6.05
2170612212466,Maurice,François,22/03/1921,0291182597,Maurice.François@gmail.com,31,E7,8.38
1340585415231,Louis,Hubert,02/07/1993,0687801566,Louis.Hubert@gmail.com,42,D5,9.290000000000001
1220149969308,Joseph,Sylvain,26/07/1996,0475182662,Joseph.Sylvain@gmail.com,21,E4,6.65
1320222207262,Jacques,Pierre,23/12/2020,0587884441,Jacques.Pierre@gmail.com,38,L1,8.9
1620147438034,Emmanuel,Lucien,26/07/1986,0834071946,Emmanuel.Lucien@gmail.com,92,N6,4.67
2740515967474,Éric,Yann,14/03/1911,0269699796,Éric.Yann@gmail.com,81,M4,7.45
1830877603636,Benjamin,Cédric,26/09/1906,0788705606,Benjamin.Cédric@gmail.com,84,M4,3.02
2480931788190,Alexandre,Joseph,15/04/1971,0462663955,Alexandre.Joseph@gmail.com,84,J4,8.15
1050271815695,Mathieu,Nicolas,14/01/2016,0473903890,Mathieu.Nicolas@gmail.com,80,D9,6.01
2100831622599,Jean-Luc,Marcel,12/04/1995,0536441007,Jean-Luc.Marcel@gmail.com,77,H3,7.0200000000000005
2820466304336,Laurent,Sébastien,05/07/1931,0794828619,Laurent.Sébastien@gmail.com,96,L3,5.36
2470747584760,Étienne,Fernand,11/04/1935,0144903130,Étienne.Fernand@gmail.com,62,B8,2.72
1740630093084,Maxime,Jean,25/10/2002,0526915985,Maxime.Jean@gmail.com,46,F4,8.02
1541004458036,Arthur,Thierry,15/01/1974,0472451707,Arthur.Thierry@gmail.com,39,M7,4.23
1160124771734,Paul,Éric,18/02/1958,0183047445,Paul.Éric@gmail.com,78,G3,6.34
2471296369937,Frédéric,Nicolas,03/05/2000,0663656265,Frédéric.Nicolas@gmail.com,23,J8,8.92
1710838456110,Frédéric,Michel,22/12/2006,0440440542,Frédéric.Michel@gmail.com,76,L4,1.67
1110319663623,Nicolas,Stéphane,06/03/1931,0132115163,Nicolas.Stéphane@gmail.com,1,J6,8.74
2600112166614,Maxime,David,06/11/2019,0448004390,Maxime.David@gmail.com,57,F1,7.94
2230834309611,Maurice,Mathieu,01/06/2016,0479392408,Maurice.Mathieu@gmail.com,37,G8,9.53
2960161366241,Armand,Gilles,03/09/1931,0844401353,Armand.Gilles@gmail.com,78,G8,1.46
2181056196770,Vincent,Frédéric,20/01/1946,0485351250,Vincent.Frédéric@gmail.com,42,D9,1.19
1511269174218,Étienne,Pascal,14/12/1935,0276774140,Étienne.Pascal@gmail.com,30,B8,5.92
1200223803679,François,François,24/12/1975,0842572846,François.François@gmail.com,92,I6,3.0700000000000003
2380169568476,Marcel,Antoine,01/11/1991,0525569020,Marcel.Antoine@gmail.com,67,B8,0.21
1121109523315,Maurice,Michel,23/05/1981,0873029584,Maurice.Michel@gmail.com,67,C2,2.54
1681194732464,Jérôme,Philippe,23/11/1940,0846312521,Jérôme.Philippe@gmail.com,29,A1,7.65
1190688265493,Arnaud,Alfred,03/09/1928,0170486711,Arnaud.Alfred@gmail.com,1,H6,6.53
1080910241600,Julien,Étienne,01/06/2018,0257562663,Julien.Étienne@gmail.com,6,I4,4.93
2770461147672,Pascal,Patrice,07/09/1929,0645527200,Pascal.Patrice@gmail.com,84,E2,6.54
2460512984794,Julie,Mathieu,20/02/2020,0841058424,Julie.Mathieu@gmail.com,28,E1,9.57
2831279777002,Romain,Nicolas,09/10/1901,0999230842,Romain.Nicolas@gmail.com,83,N8,4.3
1890169454655,Paul,Michel,08/03/1948,0161724002,Paul.Michel@gmail.com,87,J4,6.16
1041015110980,Paul,Gustave,21/04/1998,0948641750,Paul.Gustave@gmail.com,26,J9,4.38
2300504985923,Benoît,Hubert,25/10/2006,0362270580,Benoît.Hubert@gmail.com,26,L2,0.88
2900586374860,Antoine,Thierry,25/03/1939,0799647260,Antoine.Thierry@gmail.com,78,N6,2.65
2010653618738,Lucie,David,05/03/1903,0755023990,Lucie.David@gmail.com,2,E1,3.8000000000000003
1400652271751,Fabien,Charles,23/01/1965,0439269358,Fabien.Charles@gmail.com,12,M8,7.19
1780558503578,Patrice,Mathieu,24/05/1994,0257000168,Patrice.Mathieu@gmail.com,78,M9,3.21
1681154118802,Charles,Georges,16/01/1961,0621720410,Charles.Georges@gmail.com,59,M4,9.64
1100413488869,Gabriel,Jérôme,05/06/1943,0497888146,Gabriel.Jérôme@gmail.com,32,H2,1.08
2111153738401,Laurent,Émile,10/03/1932,0764442195,Laurent.Émile@gmail.com,22,H6,2.1
1780337768801,Émile,Alice,10/04/1980,0130309273,Émile.Alice@gmail.com,15,H5,1.12
1450204709929,Frédéric,Christian,02/02/1949,0965855050,Frédéric.Christian@gmail.com,62,D1,3.98
2151046654442,David,Stéphane,14/04/1902,0711883097,David.Stéphane@gmail.com,29,F7,1.27
2991050165590,Christophe,Alexandre,04/11/1913,0474152467,Christophe.Alexandre@gmail.com,58,J6,8.75
1240470983331,Maxime,Lucie,04/11/1960,0143792413,Maxime.Lucie@gmail.com,89,N4,2.38
2970938170831,Louis,Jean,02/10/1937,0775467921,Louis.Jean@gmail.com,93,M3,5.89
2760262125087,David,Benjamin,25/08/1930,0159913136,David.Benjamin@gmail.com,100,N3,8.76
1721292916686,Denis,Nicolas,06/03/1974,0552745457,Denis.Nicolas@gmail.com,25,A4,3.35
2941132112570,Louis,Xavier,23/11/1959,0694891960,Louis.Xavier@gmail.com,62,M9,1.25
2030555204953,David,Gérard,07/06/2010,0842723260,David.Gérard@gmail.com,98,F3,9.63
2270946046072,Christophe,Pascal,26/08/1904,0570407837,Christophe.Pascal@gmail.com,55,D1,6.79
2161243695580,Olivier,Gilles,10/12/1958,0339097617,Olivier.Gilles@gmail.com,42,J6,7.3
2090577919474,Daniel,Romain,17/06/1904,0933241270,Daniel.Romain@gmail.com,30,L6,3.21
1190977773893,Philippe,Frédéric,04/05/1922,0424654570,Philippe.Frédéric@gmail.com,15,J3,2.25
1930257282445,Fabien,Olivier,20/03/1968,0947196098,Fabien.Olivier@gmail.com,33,E3,4.37
2990731830672,Guillaume,Paul,22/03/1929,0635776831,Guillaume.Paul@gmail.com,6,M9,5.95
1051198129034,Jérôme,René,10/07/1931,0182920750,Jérôme.René@gmail.com,2,G7,0.46
2030590083962,Frédéric,Auguste,11/09/1994,0295707351,Frédéric.Auguste@gmail.com,7,B5,0.76
1150784075838,Jérôme,Émile,13/06/1932,0390002985,Jérôme.Émile@gmail.com,98,N3,2.68
2480216912574,Émile,Claude,09/11/1938,0119384094,Émile.Claude@gmail.com,21,K3,5.95
1280678348608,Marcel,Jean,03/04/2003,0594303048,Marcel.Jean@gmail.com,11,D4,8.03
2420747966714,Maxime,Yves,15/07/1942,0271883173,Maxime.Yves@gmail.com,84,N8,6.34
1840185461527,Fabien,Mathieu,02/03/1997,0549358784,Fabien.Mathieu@gmail.com,94,E2,7.87
2831226672735,Denis,Benjamin,22/04/1910,0721045255,Denis.Benjamin@gmail.com,30,L4,8.94
2591131602292,Alexandre,Yves,18/02/1981,0243805803,Alexandre.Yves@gmail.com,81,B8,0.29
2030753138964,Benjamin,Henri,13/04/1963,0560743484,Benjamin.Henri@gmail.com,77,H3,1.04
2030267322935,Nicolas,Christian,21/08/2002,0174245161,Nicolas.Christian@gmail.com,47,M3,2.12
1500163059845,Marcel,Olivier,03/10/1981,0192465619,Marcel.Olivier@gmail.com,70,B1,3.09
1220906936308,Pierre,Jean,09/05/1986,0220344431,Pierre.Jean@gmail.com,11,G2,3.19
2840649498722,Hervé,Sébastien,13/05/1985,0365358993,Hervé.Sébastien@gmail.com,6,D4,6.04
1210268114236,Pierre,Antoine,14/02/1982,0281433478,Pierre.Antoine@gmail.com,60,H6,1.58
2631182614743,Sophie,Alice,27/08/1914,0410120582,Sophie.Alice@gmail.com,67,E5,4.5600000000000005
2470541111709,Vincent,Bertrand,18/08/1961,0852550975,Vincent.Bertrand@gmail.com,22,H6,2.87
1090765654618,Étienne,Daniel,05/07/1992,0632283911,Étienne.Daniel@gmail.com,4,D6,8.23
2030595012615,Gilbert,Auguste,28/07/1993,0499322321,Gilbert.Auguste@gmail.com,56,L6,2.2600000000000002
1310416926788,Olivier,Denis,01/10/2014,0448649879,Olivier.Denis@gmail.com,77,M1,8.84
2750536425885,Armand,Vincent,02/11/1986,0817945711,Armand.Vincent@gmail.com,63,N8,6.25
2071235221658,Emmanuel,Auguste,22/01/1977,0245974213,Emmanuel.Auguste@gmail.com,48,L6,4.41
1641298535944,Joseph,Bernard,14/05/2003,0580951823,Joseph.Bernard@gmail.com,81,D6,5.04
1490957858581,Alexandre,Nicolas,15/05/1984,0135309366,Alexandre.Nicolas@gmail.com,63,E9,2.5
1030891812544,Antoine,Nicolas,04/03/1910,0418257305,Antoine.Nicolas@gmail.com,28,H6,1.01
2561258091658,Éric,Philippe,17/05/1925,0539120575,Éric.Philippe@gmail.com,12,F4,6.79
2620702850803,Édouard,Denis,01/01/2004,0173132895,Édouard.Denis@gmail.com,32,D6,1.33
1890896652136,Arthur,Patrice,06/02/2004,0493293715,Arthur.Patrice@gmail.com,58,D6,4.84
2380918588425,Joseph,Jacques,13/07/1998,0192795562,Joseph.Jacques@gmail.com,28,E2,1.49
1710618851697,Albert,Vincent,07/06/1976,0320212596,Albert.Vincent@gmail.com,77,M8,4.23
1650984467986,Claude,Frédéric,20/03/1927,0558995398,Claude.Frédéric@gmail.com,51,M6,7.890000000000001
2410695703433,Nicolas,Laurent,12/04/1941,0742954190,Nicolas.Laurent@gmail.com,93,A8,3.8200000000000003
1551286717982,Émile,Xavier,05/06/1904,0167380697,Émile.Xavier@gmail.com,45,I6,0.12
1010262572553,Raoul,Lucie,28/11/2020,0644977896,Raoul.Lucie@gmail.com,78,C8,7.7700000000000005
1060487623498,Émile,Pascal,05/10/1966,0971070004,Émile.Pascal@gmail.com,46,C2,8.23
1401118794340,Philippe,Arthur,14/03/1956,0559349564,Philippe.Arthur@gmail.com,69,F8,6.58
2720620518487,Julien,Pascal,17/02/1953,0414407719,Julien.Pascal@gmail.com,94,A6,7.87
2191087219043,Sébastien,Pascal,12/08/1924,0874136023,Sébastien.Pascal@gmail.com,40,B5,7.83
2080986465758,Charles,Jérôme,17/10/1935,0999714037,Charles.Jérôme@gmail.com,60,A8,7.640000000000001
2150449937493,Yves,Pascal,21/06/1983,0795369239,Yves.Pascal@gmail.com,70,E1,0.27
2530809214280,Claude,Jean-Pierre,07/12/1983,0239345486,Claude.Jean-Pierre@gmail.com,11,F1,3.24
1010297411679,Thierry,Paul,07/09/1941,0420633920,Thierry.Paul@gmail.com,74,N1,2.2800000000000002
2350536768855,Hubert,Michel,15/08/1938,0491159311,Hubert.Michel@gmail.com,64,I4,8.39
1880390661599,René,Arnaud,25/12/1950,0517422464,René.Arnaud@gmail.com,4,J2,8.24
1631054659001,Julien,Nicolas,06/10/1996,0688252511,Julien.Nicolas@gmail.com,6,A2,3.4
1100695418128,Daniel,Étienne,01/10/2009,0130919786,Daniel.Étienne@gmail.com,42,D4,9.98
2000494973898,Jacques,Gabriel,15/11/1942,0531536480,Jacques.Gabriel@gmail.com,47,F7,8.19
2970395981415,Émile,Renaud,27/02/1935,0987314673,Émile.Renaud@gmail.com,6,F5,4.7
2040173551856,Pierre,Marc,24/02/2009,0637782614,Pierre.Marc@gmail.com,54,M1,6.72
2210553433675,Olivier,Armand,24/07/2014,0336928020,Olivier.Armand@gmail.com,74,N7,2.39
2620468338631,Marcel,Guillaume,23/09/1940,0690969755,Marcel.Guillaume@gmail.com,1,M3,3.66
2750694119924,Xavier,Julien,15/11/1909,0292072292,Xavier.Julien@gmail.com,91,F7,9.870000000000001
1000970414588,Olivier,Olivier,06/10/1965,0862846198,Olivier.Olivier@gmail.com,32,H6,4.0200000000000005
2790433484202,Nicolas,Laurent,20/08/1982,0899442815,Nicolas.Laurent@gmail.com,50,D6,8.43
1300491791100,Lucien,Romain,03/07/1994,0322327618,Lucien.Romain@gmail.com,95,N1,6.390000000000001
1090111691102,Hervé,Étienne,27/10/2015,0841345043,Hervé.Étienne@gmail.com,25,D1,7.2
2780806989403,Claude,Philippe,28/06/1908,0629678930,Claude.Philippe@gmail.com,70,D9,0.2
1050744146632,Fabien,Stéphane,05/04/1950,0475781028,Fabien.Stéphane@gmail.com,76,J7,9.77
2190772253960,Jean,Édouard,02/04/1952,0816887888,Jean.Édouard@gmail.com,34,I6,3.25
2120185476072,Alice,Patrick,17/09/1971,0559892993,Alice.Patrick@gmail.com,21,E3,6.7700000000000005
1490720375489,Jacques,Fernand,11/12/2016,0884764243,Jacques.Fernand@gmail.com,85,N7,0.02
1010714456935,Marcel,Louis,28/07/2009,0328916234,Marcel.Louis@gmail.com,14,B2,2.88
2200877465703,Auguste,Pierre,21/08/1907,0668636411,Auguste.Pierre@gmail.com,95,M2,1.81
2320813962111,Antoine,Romain,09/04/1987,0812473630,Antoine.Romain@gmail.com,41,H5,5.47
1440108984346,Guillaume,Jean,22/02/1931,0597801950,Guillaume.Jean@gmail.com,46,H2,7.59
1150229169006,Sylvain,René,18/01/2008,0277919327,Sylvain.René@gmail.com,69,B7,4.89
1470344529154,Lionel,Olivier,04/11/1997,0413806638,Lionel.Olivier@gmail.com,19,M4,7.83
2260718762494,Pierre,Michel,09/09/1918,0610091180,Pierre.Michel@gmail.com,73,M3,3.64
1111269156522,Emmanuel,Benjamin,17/07/1983,0918042752,Emmanuel.Benjamin@gmail.com,31,J2,0.98
1500707506532,Yann,François,21/12/1974,0630601966,Yann.François@gmail.com,24,A7,1.41
2841035615566,Vincent,Gabriel,26/06/2018,0533544108,Vincent.Gabriel@gmail.com,32,A2,6.2
1780611742977,Maxime,Marius,21/01/1965,0623064477,Maxime.Marius@gmail.com,15,I4,5.87
2030669416847,Claude,Denis,01/02/1925,0760231888,Claude.Denis@gmail.com,80,A7,7.84
2540388065332,Gabriel,Yves,18/02/1967,0873184434,Gabriel.Yves@gmail.com,100,K9,5.4
2831128920264,Laurent,Armand,18/04/2007,0271650164,Laurent.Armand@gmail.com,28,A5,1.67
1430647211051,Pierre,Lucien,14/01/1941,0680584930,Pierre.Lucien@gmail.com,35,B8,9.93
1720442628864,Bertrand,Vincent,23/10/1950,0962930535,Bertrand.Vincent@gmail.com,63,N5,4.5200000000000005
2670196469721,Cyril,Vincent,24/06/1959,0780238774,Cyril.Vincent@gmail.com,93,J6,3.49
1631024205976,Alexandre,Julie,27/03/1949,0995991741,Alexandre.Julie@gmail.com,73,A8,3.21
2220313174541,Cédric,Alice,04/10/1909,0213532679,Cédric.Alice@gmail.com,45,H7,4.57
1120484068779,Claude,Vincent,17/12/1939,0429068899,Claude.Vincent@gmail.com,14,M8,7.5600000000000005
1960807888321,Yves,Albert,14/02/1951,0724653131,Yves.Albert@gmail.com,19,K1,2.57
1160708369102,Antoine,Jean-Luc,03/10/2008,0349697129,Antoine.Jean-Luc@gmail.com,75,I4,9.97
1120409909975,Antoine,David,20/11/1948,0864210698,Antoine.David@gmail.com,54,G3,4.76
1260803953308,Patrice,Paul,05/11/2021,0947717207,Patrice.Paul@gmail.com,86,H5,1.51
1110228319817,Olivier,Bertrand,18/06/1943,0299369543,Olivier.Bertrand@gmail.com,54,L4,0.26
2300349982874,Patrick,Denis,23/09/1960,0559758531,Patrick.Denis@gmail.com,31,N7,0.4
1230134141393,François,Philippe,17/02/1902,0730847307,François.Philippe@gmail.com,25,K9,9.56
2830665571339,Paul,Georges,24/06/1944,0189709758,Paul.Georges@gmail.com,96,L4,1.96
2520573230357,Jérôme,Vincent,22/07/2005,0339808158,Jérôme.Vincent@gmail.com,23,G3,0.34
1040245563424,Olivier,Michel,26/08/1948,0619655382,Olivier.Michel@gmail.com,6,I3,9.790000000000001
1030557297696,Noël,Denis,03/09/1915,0266171938,Noël.Denis@gmail.com,30,G1,5.8100000000000005
2150913756261,Alexandre,Charles,26/10/2008,0683187378,Alexandre.Charles@gmail.com,64,B2,0.56
2630501016995,Julien,Denis,23/10/1960,0151979978,Julien.Denis@gmail.com,8,E8,3.31
1120874325458,Michel,Alice,05/11/1923,0986008655,Michel.Alice@gmail.com,11,G3,4.01
1571299221843,Emmanuel,Maxime,02/12/1931,0535426277,Emmanuel.Maxime@gmail.com,1,G8,3.25
1030868479763,Claude,Jean-Pierre,01/05/1959,0974322548,Claude.Jean-Pierre@gmail.com,53,D6,8.99
1220725059314,Guillaume,Thomas,28/09/1988,0755167258,Guillaume.Thomas@gmail.com,33,H5,4.15
2850245720459,Marie,Damien,01/02/1957,0864481304,Marie.Damien@gmail.com,40,L3,8.620000000000001
1840836388591,Gérard,Noël,05/09/1992,0445139742,Gérard.Noël@gmail.com,97,I5,8.89
2110105344246,Sébastien,Antoine,12/06/1968,0510095829,Sébastien.Antoine@gmail.com,95,G4,8.8
1220672230070,Claude,Stéphane,27/07/1919,0181160627,Claude.Stéphane@gmail.com,55,L6,5.13
1160838160032,Raymond,Raymond,11/03/2020,0260656000,Raymond.Raymond@gmail.com,93,D7,3.9
1571292140103,Étienne,Pierre,23/06/1931,0492968723,Étienne.Pierre@gmail.com,38,J4,3.9
2450367532422,Nicolas,Hubert,09/12/1901,0855631467,Nicolas.Hubert@gmail.com,6,G4,7.17
1920896656309,Laurent,Paul,02/06/1920,0186597004,Laurent.Paul@gmail.com,82,A1,6.74
2280694497305,Pierre,Paul,17/05/1925,0860791924,Pierre.Paul@gmail.com,73,E9,8.950000000000001
2750579465953,Jérôme,René,22/12/1989,0895983075,Jérôme.René@gmail.com,82,G9,3.3000000000000003
1760566334456,Marie,Louis,25/03/1986,0641860977,Marie.Louis@gmail.com,65,H8,3.89
1130677204337,Hervé,Daniel,23/10/1985,0323926447,Hervé.Daniel@gmail.com,41,F8,1.1400000000000001
2980650875906,Guillaume,Cyril,11/03/1938,0274123695,Guillaume.Cyril@gmail.com,62,C4,6.67
1571232458932,Daniel,Marcel,19/04/1998,0369593391,Daniel.Marcel@gmail.com,91,I2,3.5
2191008694179,Frédéric,Jérôme,05/06/1992,0492177053,Frédéric.Jérôme@gmail.com,92,M3,0.54
2670720242766,Jérôme,Lucie,08/09/1949,0129064761,Jérôme.Lucie@gmail.com,68,N8,5.38
1850630403730,Sophie,Maxime,03/10/1912,0742606902,Sophie.Maxime@gmail.com,13,I1,5.67
2681010108397,Mathieu,Olivier,23/11/1915,0787869192,Mathieu.Olivier@gmail.com,86,L4,8.13
1901143063090,Mathieu,Gilbert,13/03/1978,0925324943,Mathieu.Gilbert@gmail.com,65,E9,7.33
1200987952193,Marius,Bertrand,18/08/2017,0955765703,Marius.Bertrand@gmail.com,26,F3,9.28
1140463793425,Olivier,Arnaud,25/05/1959,0723313855,Olivier.Arnaud@gmail.com,96,B4,9.620000000000001
1580553063135,Thierry,Romain,10/04/1979,0343404144,Thierry.Romain@gmail.com,98,K1,4.94
1270461387352,Philippe,Marcel,17/03/1966,0522373523,Philippe.Marcel@gmail.com,19,I1,6.4
2650562179896,Joseph,Grégory,07/11/1966,0978823311,Joseph.Grégory@gmail.com,70,D3,7.54
2050772440945,Laurent,Jérôme,25/07/1996,0858479834,Laurent.Jérôme@gmail.com,71,A9,8.68
2790477992316,André,Alexandre,23/05/1935,0355879105,André.Alexandre@gmail.com,27,K1,8.11
2541153794064,Lionel,Guillaume,14/08/1931,0287984669,Lionel.Guillaume@gmail.com,58,M2,4.69
2510386097464,Lucien,François,11/05/1910,0347343440,Lucien.François@gmail.com,97,N8,3.0500000000000003
1620390678613,Marius,Jean-Luc,16/08/1972,0979905801,Marius.Jean-Luc@gmail.com,49,N7,6.92
1811202471114,Daniel,Frédéric,27/06/2018,0830811703,Daniel.Frédéric@gmail.com,80,E6,7.3100000000000005
1310876881830,Benjamin,Éric,28/09/1979,0631654262,Benjamin.Éric@gmail.com,99,E5,5.16
2960471263792,Marius,Jean,25/03/1908,0545438616,Marius.Jean@gmail.com,20,D7,5.08
2451080085650,Lucie,Laurent,22/03/1995,0842125896,Lucie.Laurent@gmail.com,34,F6,6.3100000000000005
1270453702709,Étienne,Alexandre,25/11/2007,0743758307,Étienne.Alexandre@gmail.com,27,L7,9.76
1710346615683,Louis,Philippe,15/11/1951,0955864394,Louis.Philippe@gmail.com,21,J5,9.77
1080530374851,Xavier,Arthur,01/04/1939,0627688131,Xavier.Arthur@gmail.com,9,C2,0.55
1270341833320,Stéphane,Stéphane,19/05/2012,0699809367,Stéphane.Stéphane@gmail.com,99,D6,9.81
2210275774647,Pascal,Alexandre,26/01/1966,0919235361,Pascal.Alexandre@gmail.com,13,H8,5.93
1141201372120,Jean-Michel,Claude,05/04/1941,0462271305,Jean-Michel.Claude@gmail.com,8,D6,3.44
2040513531288,Lionel,Maurice,09/10/2000,0675232028,Lionel.Maurice@gmail.com,90,M6,5.47
2570543513924,Daniel,Romain,21/03/1946,0949752965,Daniel.Romain@gmail.com,74,L6,8.49
2020132166609,Georges,Daniel,05/08/1916,0188828759,Georges.Daniel@gmail.com,76,C4,5.61
1910591181816,Bertrand,Cédric,11/02/1923,0664792065,Bertrand.Cédric@gmail.com,88,K2,4.84
2620611933602,Christian,Patrice,07/11/1918,0464830133,Christian.Patrice@gmail.com,60,A8,1.92
2570195095941,Paul,Frédéric,17/01/1992,0415544133,Paul.Frédéric@gmail.com,83,H8,9.46
1450393191569,Armand,Frédéric,26/07/1978,0845000507,Armand.Frédéric@gmail.com,7,A2,7.42
2500384836784,Christian,Denis,27/05/1996,0239415468,Christian.Denis@gmail.com,38,G9,0.59
1620278147350,Éric,René,02/04/2014,0565181871,Éric.René@gmail.com,38,J3,7.66
2610533727519,Frédéric,Joseph,09/06/1921,0744170785,Frédéric.Joseph@gmail.com,52,B1,8.5
2220618730885,Pierre,Étienne,02/06/1937,0125816187,Pierre.Étienne@gmail.com,28,B7,5.3100000000000005
2260666852164,Michel,Olivier,15/09/1982,0651215646,Michel.Olivier@gmail.com,76,G3,0.92
1050446200510,Christophe,Pierre,02/01/2019,0182179376,Christophe.Pierre@gmail.com,92,M6,7.96
2250692229524,Alain,André,19/07/1912,0869291499,Alain.André@gmail.com,53,N8,5.45
2670503562847,Albert,Michel,06/11/1970,0372199755,Albert.Michel@gmail.com,49,E2,4.8500000000000005
1220958826504,Xavier,Alexandre,26/07/1953,0710104718,Xavier.Alexandre@gmail.com,30,K9,1.0
1691110658108,Frédéric,Jacques,21/10/2014,0362589152,Frédéric.Jacques@gmail.com,50,H6,8.15
2130816743344,Olivier,Gilles,14/11/1930,0350297139,Olivier.Gilles@gmail.com,17,A7,4.07
1830888825659,Marius,David,19/02/1982,0857914780,Marius.David@gmail.com,31,J9,7.32
2610568003335,Raymond,Marius,26/09/1935,0825610802,Raymond.Marius@gmail.com,44,D1,0.55
1571119189907,Jean-Luc,Antoine,13/04/1902,0257676485,Jean-Luc.Antoine@gmail.com,79,H8,8.950000000000001
2180614772919,Daniel,Éric,17/02/1933,0935075117,Daniel.Éric@gmail.com,74,K2,1.09
2880933289618,Sophie,Olivier,13/02/1977,0786244646,Sophie.Olivier@gmail.com,72,K5,6.5600000000000005
2150914212814,Alain,Sophie,24/08/2017,0454635862,Alain.Sophie@gmail.com,64,G2,1.43
1470122711771,Alexandre,Nicolas,12/08/1932,0171267706,Alexandre.Nicolas@gmail.com,78,C8,0.39
1910868275324,Gabriel,Alexandre,14/06/1933,0366570022,Gabriel.Alexandre@gmail.com,21,E5,7.16
2680665590555,Nicolas,Benoît,28/12/1915,0663069541,Nicolas.Benoît@gmail.com,20,A8,4.95
2100104983695,Alexandre,Olivier,21/11/1946,0223863010,Alexandre.Olivier@gmail.com,73,B7,7.7700000000000005
1991252793941,Julie,Alexandre,07/11/1964,0691930211,Julie.Alexandre@gmail.com,31,M8,9.39
2890893530751,Julien,Sylvain,05/03/2007,0133744192,Julien.Sylvain@gmail.com,16,L7,3.0300000000000002
2200803466107,Vincent,Fernand,17/10/1902,0298445096,Vincent.Fernand@gmail.com,94,E2,0.45
2300241911718,Guillaume,Michel,22/03/1919,0747984866,Guillaume.Michel@gmail.com,40,E8,1.08
1820468513640,Raoul,Pierre,14/02/1910,0292739484,Raoul.Pierre@gmail.com,94,N8,9.950000000000001
2911237996111,Sophie,Gilles,01/03/1950,0849083618,Sophie.Gilles@gmail.com,65,N5,7.28
1120924547046,Charles,Auguste,10/04/1979,0283256296,Charles.Auguste@gmail.com,75,J9,4.21
1500436632502,Emmanuel,Louis,10/06/1921,0468248978,Emmanuel.Louis@gmail.com,91,G9,2.68
1960141557193,Étienne,Maxime,12/04/1930,0752064174,Étienne.Maxime@gmail.com,91,D4,3.96
2040803914363,Patrice,Sophie,23/05/1951,0589995436,Patrice.Sophie@gmail.com,39,J2,8.01
2571027876507,Denis,Laurent,05/06/1937,0132516283,Denis.Laurent@gmail.com,79,I2,5.1000000000000005
2071238296024,Fabien,Xavier,09/11/2021,0749189988,Fabien.Xavier@gmail.com,66,D1,6.19
1110140327668,Stéphane,Jean,17/03/2003,0136105317,Stéphane.Jean@gmail.com,96,G3,5.12
2010840288900,Gabriel,Gabriel,12/10/1961,0417499525,Gabriel.Gabriel@gmail.com,30,J6,9.41
1171282344297,Sébastien,Georges,08/06/1920,0961812568,Sébastien.Georges@gmail.com,44,C6,4.17
1161108701667,Raoul,François,03/01/1933,0949088198,Raoul.François@gmail.com,99,L3,4.76
1970385449630,Maxime,Jacques,28/08/1949,0920400544,Maxime.Jacques@gmail.com,27,F6,6.9
2790614458204,Jérôme,Lionel,13/09/1945,0818807866,Jérôme.Lionel@gmail.com,36,E9,7.12
2150766198856,Alain,Thomas,16/07/1999,0944770425,Alain.Thomas@gmail.com,42,A2,3.41
2730278306623,Michel,Laurent,09/01/1939,0893666924,Michel.Laurent@gmail.com,43,C9,8.950000000000001
1830622925954,Christophe,Armand,04/07/1990,0649769067,Christophe.Armand@gmail.com,4,D3,1.8900000000000001
1860121457649,Pascal,Marc,27/05/1965,0544436030,Pascal.Marc@gmail.com,23,J7,5.37
1991149864610,Philippe,Thierry,20/04/1913,0183570145,Philippe.Thierry@gmail.com,93,M5,2.25
1070218425755,Emmanuel,Patrice,14/10/1951,0811061820,Emmanuel.Patrice@gmail.com,67,J1,0.58
1610227804837,Gérard,Gilbert,07/05/1991,0870173833,Gérard.Gilbert@gmail.com,17,L9,2.43
1200407957211,Christian,Maxime,28/03/2022,0719413231,Christian.Maxime@gmail.com,62,H1,1.05
2701293800839,Alexandre,Gustave,14/11/1969,0461232365,Alexandre.Gustave@gmail.com,28,G6,0.05
1021250938706,Fabien,Paul,20/04/1980,0926780419,Fabien.Paul@gmail.com,65,L4,5.54
2171274083149,Bernard,Henri,10/09/1983,0498753073,Bernard.Henri@gmail.com,47,M3,2.02
2050590645190,Mathieu,Benoît,12/04/1952,0546808931,Mathieu.Benoît@gmail.com,42,I2,0.08
2000108499445,Alexandre,Marc,20/06/1937,0193298155,Alexandre.Marc@gmail.com,96,L7,7.4
1910993513880,Fabien,Romain,24/06/1907,0329015659,Fabien.Romain@gmail.com,6,K7,4.86
1770423555417,Stéphane,Antoine,12/08/1949,0411627629,Stéphane.Antoine@gmail.com,52,A3,9.49
1571134105164,Nicolas,Maxime,13/02/1960,0232209991,Nicolas.Maxime@gmail.com,43,K6,4.1
2070735328706,Hervé,Olivier,07/12/2016,0850841407,Hervé.Olivier@gmail.com,11,F1,7.3100000000000005
1211109701304,Gabriel,Thierry,12/03/1968,0496384720,Gabriel.Thierry@gmail.com,62,I6,2.92
1661253809232,Lionel,Alexandre,23/04/1991,0530399927,Lionel.Alexandre@gmail.com,59,N4,9.63
1480394310392,Frédéric,Gilles,13/11/1915,0177612211,Frédéric.Gilles@gmail.com,57,H1,6.8
2030553742120,Benjamin,Jean,24/04/1990,0350989847,Benjamin.Jean@gmail.com,15,E7,7.9
2170899091428,Patrice,Antoine,04/03/1940,0826354105,Patrice.Antoine@gmail.com,51,G3,0.74
1021279876718,Marius,Hervé,08/03/1966,0134653999,Marius.Hervé@gmail.com,3,I8,1.45
1080158668217,Olivier,Vincent,22/11/1973,0481033656,Olivier.Vincent@gmail.com,84,K9,4.54
1301066610391,Olivier,Cyril,03/09/1928,0381047381,Olivier.Cyril@gmail.com,98,N1,7.5200000000000005
2851070199164,Étienne,Frédéric,14/07/1911,0494584554,Étienne.Frédéric@gmail.com,92,E1,7.38
2920948047190,Pascal,Emmanuel,05/12/1940,0535895161,Pascal.Emmanuel@gmail.com,63,B2,9.68
1580282315867,Sébastien,Henri,03/01/1963,0356509325,Sébastien.Henri@gmail.com,1,C2,8.56
1181093083640,Cédric,Marius,26/08/1913,0697657818,Cédric.Marius@gmail.com,57,D8,5.12
2840885138151,Olivier,Pierre,17/06/1964,0893922251,Olivier.Pierre@gmail.com,43,G9,3.96
2231292960132,Louis,Marius,15/07/1920,0977007880,Louis.Marius@gmail.com,17,D2,9.99
1871046721607,Gilles,Hervé,05/09/2002,0568998235,Gilles.Hervé@gmail.com,4,D2,8.44
1050663634093,Stéphane,Jérôme,06/10/1947,0851948969,Stéphane.Jérôme@gmail.com,98,M4,0.07
2050561878612,Pierre,Yann,03/04/2011,0715378602,Pierre.Yann@gmail.com,59,L1,6.73
2150706672443,Lucien,Hervé,20/07/1991,0443042654,Lucien.Hervé@gmail.com,6,D3,1.96
1480588157821,Louis,Jean-Michel,22/06/1973,0130181344,Louis.Jean-Michel@gmail.com,53,H9,7.390000000000001
2980284359146,Bertrand,Joseph,23/04/2020,0930037077,Bertrand.Joseph@gmail.com,92,E2,2.21
1080208965998,Denis,Sébastien,05/09/1978,0654511172,Denis.Sébastien@gmail.com,50,J2,7.55
1940437133329,Emmanuel,Lucie,28/08/2006,0751615353,Emmanuel.Lucie@gmail.com,86,M9,9.07
1041138230686,Jacques,Jérôme,27/07/1990,0536341286,Jacques.Jérôme@gmail.com,18,H3,5.23
1690164241848,Yves,Frédéric,27/03/1917,0666151588,Yves.Frédéric@gmail.com,59,B4,2.25
1670575643931,Paul,Xavier,06/03/1911,0610237716,Paul.Xavier@gmail.com,36,J5,7.24
2810547829549,Antoine,Thomas,20/04/1983,0235101706,Antoine.Thomas@gmail.com,17,A6,6.73
2310128022194,Romain,Damien,14/11/2005,0352732213,Romain.Damien@gmail.com,43,N4,5.15
2701202228505,François,Jean-Michel,12/04/1992,0892973195,François.Jean-Michel@gmail.com,28,B9,0.89
1971283827133,Vincent,Julien,06/03/1911,0664858764,Vincent.Julien@gmail.com,16,A3,1.74
2210553970061,Laurent,Pierre,06/01/1978,0524506881,Laurent.Pierre@gmail.com,28,G1,0.96
1410897795484,Hervé,Pascal,23/05/1939,0165242403,Hervé.Pascal@gmail.com,23,L2,4.41
