Numero_Securite_Sociale,Nom,Prenom,Date_Naissance,Numero_Telephone,E_Mail,ID_Remboursement,Code_Soin,Montant_Remboursement
1121183145863,Alexandre,Bertrand,12/11/1994,0654801306,Alexandre.Bertrand@gmail.com,79,L3,4.89
2350625284719,Gérard,Alain,20/09/2021,0469374086,Gérard.Alain@gmail.com,42,M5,7.7700000000000005
2371231012807,Nicolas,Frédéric,28/05/1900,0847450084,Nicolas.Frédéric@gmail.com,98,H1,2.49
1060774382065,François,Sylvain,15/10/1918,0210262270,François.Sylvain@gmail.com,5,F6,5.5600000000000005
2600525877627,David,Benjamin,02/09/2014,0871527906,David.Benjamin@gmail.com,19,A6,7.58
2740466270456,Hervé,Édouard,22/06/1991,0684930547,Hervé.Édouard@gmail.com,22,N4,6.33
2770503351759,Olivier,Claude,06/01/1925,0494416038,Olivier.Claude@gmail.com,66,N7,9.58
2750594843741,Grégory,Joseph,15/07/1969,0482350203,Grégory.Joseph@gmail.com,47,C8,5.78
2970481120290,Gustave,Cyril,08/07/1903,0165497679,Gustave.Cyril@gmail.com,19,C3,4.95
2550607144229,Patrice,Claude,24/10/1994,0820667483,Patrice.Claude@gmail.com,81,C8,4.98
2200549901279,Gilles,Maurice,17/11/1980,0675966931,Gilles.Maurice@gmail.com,13,B5,2.0
2821161535562,Alain,Philippe,22/06/2015,0153174081,Alain.Philippe@gmail.com,60,N5,3.42
1300275355718,Vincent,Romain,19/02/1964,0786606987,Vincent.Romain@gmail.com,16,L8,9.06
1860287505694,Grégory,Marie,02/02/1940,0750590814,Grégory.Marie@gmail.com,71,D1,1.44
1350183293733,Fernand,Lucie,22/03/1977,0184771077,Fernand.Lucie@gmail.com,2,K3,9.77
2030670580705,Cyril,Marcel,13/11/1984,0939450695,Cyril.Marcel@gmail.com,1,G7,0.24
2900296924685,Alice,Charles,03/06/1968,0785074552,Alice.Charles@gmail.com,68,F1,3.7800000000000002
2721044541473,Michel,Yves,21/12/1971,0460290497,Michel.Yves@gmail.com,26,B1,0.37
2070887426873,Benoît,Philippe,03/01/1923,0673003190,Benoît.Philippe@gmail.com,91,G4,3.89
2560247311117,Marc,Laurent,04/11/1984,0166510682,Marc.Laurent@gmail.com,5,E5,1.99
1060287893425,Vincent,Hubert,27/11/1905,0241990614,Vincent.Hubert@gmail.com,67,L8,1.44
2070107408625,Jacques,Olivier,23/11/1963,0341341798,Jacques.Olivier@gmail.com,22,E7,5.53
1070758392547,Gilles,Laurent,04/11/1983,0584969549,Gilles.Laurent@gmail.com,67,D1,3.54
2201012813373,Guillaume,Fabien,27/05/1906,0837255800,Guillaume.Fabien@gmail.com,49,B2,6.15
1561205709985,Hubert,Charles,12/09/1914,0193370867,Hubert.Charles@gmail.com,13,F3,9.82
2190395791654,Henri,Benoît,13/05/2023,0344779678,Henri.Benoît@gmail.com,32,A3,2.31
1721143075452,Yves,Jean-Luc,09/09/1948,0270330630,Yves.Jean-Luc@gmail.com,46,K8,3.67
2500825465068,Alice,Émile,01/01/1994,0867132500,Alice.Émile@gmail.com,47,I6,7.05
2020453685288,Alexandre,Édouard,27/10/2009,0677310449,Alexandre.Édouard@gmail.com,23,C4,2.93
2680598573892,Armand,Hervé,26/12/1953,0623542541,Armand.Hervé@gmail.com,92,I9,7.97
1060963491117,Jean-Luc,Guillaume,18/03/1984,0792567865,Jean-Luc.Guillaume@gmail.com,6,C4,1.76
2100309519068,Olivier,Cédric,28/09/1967,0191498553,Olivier.Cédric@gmail.com,3,C1,7.930000000000001
2891293179160,Pierre,Pierre,06/01/1959,0821793346,Pierre.Pierre@gmail.com,70,F1,0.96
1460303733901,Philippe,Nicolas,23/07/1977,0545203875,Philippe.Nicolas@gmail.com,71,N3,0.6900000000000001
1101237700618,Julie,Gilles,07/11/1967,0436921653,Julie.Gilles@gmail.com,80,I2,4.99
1190725118478,Lucie,Pierre,16/12/1992,0879932435,Lucie.Pierre@gmail.com,49,A7,3.83
1580344569404,Julien,Alexandre,15/06/1923,0968767886,Julien.Alexandre@gmail.com,56,F9,0.26
2220604810512,Gilbert,Frédéric,09/03/2015,0775512540,Gilbert.Frédéric@gmail.com,9,B2,8.05
2470188682825,François,Romain,01/07/2002,0212503335,François.Romain@gmail.com,7,M9,9.14
1150356467745,Frédéric,Bertrand,21/08/1953,0914373559,Frédéric.Bertrand@gmail.com,70,D9,1.92
1030766931726,Albert,Pascal,03/01/1951,0610403776,Albert.Pascal@gmail.com,83,F9,9.8
2090521289212,Sophie,Noël,15/03/1932,0654998277,Sophie.Noël@gmail.com,4,L8,7.97
2960371166712,Étienne,Philippe,14/02/2011,0497828377,Étienne.Philippe@gmail.com,80,G9,3.3000000000000003
1380249471347,Yves,Claude,22/06/1945,0880018907,Yves.Claude@gmail.com,99,C2,5.94
2160138339682,Christophe,Michel,21/09/2019,0513528644,Christophe.Michel@gmail.com,34,N4,7.32
1291188411187,Julien,Philippe,05/09/1934,0136262502,Julien.Philippe@gmail.com,43,C4,3.02
2850135117031,Gilles,Paul,23/05/1912,0480915367,Gilles.Paul@gmail.com,61,C6,3.15
2130697944096,Vincent,Paul,03/08/1948,0112716907,Vincent.Paul@gmail.com,16,J2,5.66
1180787214621,Marc,Christian,05/04/1960,0712798589,Marc.Christian@gmail.com,56,A6,1.37
1680681035153,Alfred,Marc,18/11/2010,0415284555,Alfred.Marc@gmail.com,3,N4,6.390000000000001
2260986052669,Denis,Arthur,05/10/1910,0193999134,Denis.Arthur@gmail.com,33,F8,2.54
2141210462357,Charles,Vincent,21/09/1931,0418306408,Charles.Vincent@gmail.com,63,G9,8.540000000000001
2120408447722,Sébastien,Bertrand,25/08/1985,0431619784,Sébastien.Bertrand@gmail.com,46,F2,0.11
2620262469017,Frédéric,Jérôme,27/07/2003,0162299507,Frédéric.Jérôme@gmail.com,53,A2,6.97
1840679907064,Joseph,Christophe,10/11/1981,0147025512,Joseph.Christophe@gmail.com,18,F8,8.67
2840893451696,David,Christophe,12/09/2003,0139323769,David.Christophe@gmail.com,18,C2,0.61
1860110142078,Christophe,Patrick,13/04/1956,0630257536,Christophe.Patrick@gmail.com,12,D8,8.01
1900809824265,Benjamin,Romain,19/10/1951,0221863038,Benjamin.Romain@gmail.com,62,C6,4.73
2430266947117,Antoine,Alexandre,04/11/2004,0577496976,Antoine.Alexandre@gmail.com,17,H3,6.76
1260520602043,Raymond,Laurent,10/07/1968,0953372695,Raymond.Laurent@gmail.com,93,H3,1.58
1010347868821,Maxime,Nicolas,18/01/2018,0456097833,Maxime.Nicolas@gmail.com,48,C9,6.03
1730547793936,Marius,Denis,09/01/1906,0695058402,Marius.Denis@gmail.com,36,M8,7.930000000000001
1020948576355,Bernard,Sylvain,12/10/1988,0713330378,Bernard.Sylvain@gmail.com,76,D7,5.72
1740262626442,Thomas,Guillaume,21/04/1977,0481810931,Thomas.Guillaume@gmail.com,60,C8,2.2600000000000002
2340328818253,Édouard,Xavier,08/06/1938,0728613413,Édouard.Xavier@gmail.com,50,K7,5.41
2960720748697,Olivier,Olivier,10/08/1970,0954209327,Olivier.Olivier@gmail.com,11,M1,8.73
2340501653196,Lucie,Louis,11/04/1926,0726654929,Lucie.Louis@gmail.com,36,M6,3.58
2550181334526,Jean-Luc,Lucie,07/02/1940,0425150409,Jean-Luc.Lucie@gmail.com,80,K5,5.73
1300890587460,Benjamin,Édouard,06/05/1902,0181912925,Benjamin.Édouard@gmail.com,60,N5,1.6300000000000001
2840325853907,Jean-Luc,Laurent,14/12/1925,0422412337,Jean-Luc.Laurent@gmail.com,62,B6,5.44
1871256385212,Nicolas,Hubert,06/06/1997,0380589652,Nicolas.Hubert@gmail.com,64,D8,3.44
1590157858263,Fernand,Xavier,25/02/1942,0836015549,Fernand.Xavier@gmail.com,4,A8,6.3500000000000005
2150839974829,Jean-Luc,Vincent,15/02/2004,0792866326,Jean-Luc.Vincent@gmail.com,38,L1,3.54
2280808056909,Noël,Gilles,14/07/1927,0261079157,Noël.Gilles@gmail.com,92,C7,7.78
2960541384911,Benoît,Olivier,14/05/1914,0311939979,Benoît.Olivier@gmail.com,76,I7,4.0600000000000005
1220864494087,Sébastien,Albert,19/03/2001,0433069446,Sébastien.Albert@gmail.com,79,J1,8.71
1240382788619,Thierry,Alexandre,12/02/1912,0946098396,Thierry.Alexandre@gmail.com,58,H2,6.7700000000000005
2320185769504,Maxime,Marie,11/10/1936,0588049010,Maxime.Marie@gmail.com,34,M7,0.67
1520217342358,Olivier,Julien,14/12/2010,0779155148,Olivier.Julien@gmail.com,52,M1,1.1400000000000001
1080618652175,André,Alain,27/10/1927,0270112812,André.Alain@gmail.com,35,L3,7.43
2920680903302,Michel,Claude,17/05/1908,0893341689,Michel.Claude@gmail.com,37,E1,2.66
2000431612472,Patrice,Thomas,10/03/1915,0882446008,Patrice.Thomas@gmail.com,63,J5,1.26
1140107117342,Jean-Michel,Yves,01/03/2006,0285131712,Jean-Michel.Yves@gmail.com,33,G6,1.11
2010237326506,Guillaume,Joseph,02/04/2018,0621947037,Guillaume.Joseph@gmail.com,45,N1,9.59
2031011241150,Sébastien,Yves,10/07/1928,0516174139,Sébastien.Yves@gmail.com,95,B5,7.71
2610225829791,Georges,Alfred,04/12/2008,0127078986,Georges.Alfred@gmail.com,95,N4,1.49
1450116955688,Cédric,Éric,19/04/1973,0752864271,Cédric.Éric@gmail.com,87,N7,3.5700000000000003
1320819125471,Olivier,Patrice,23/05/1940,0298147011,Olivier.Patrice@gmail.com,29,M8,9.94
2001139967648,Nicolas,Hervé,22/12/1934,0846583964,Nicolas.Hervé@gmail.com,87,B3,8.53
1170529474251,Jérôme,Gustave,02/09/1922,0428104649,Jérôme.Gustave@gmail.com,65,G3,4.66
1141168900827,Maxime,Yves,27/06/1934,0128489858,Maxime.Yves@gmail.com,59,D6,0.16
2930456595213,Joseph,Émile,06/03/1934,0630076364,Joseph.Émile@gmail.com,30,C1,0.23
1790578749920,Christophe,Paul,01/07/1989,0612227164,Christophe.Paul@gmail.com,44,H3,4.13
2600903213070,Lionel,Henri,27/03/1997,0986215718,Lionel.Henri@gmail.com,46,E1,8.81
2291086334946,René,Sylvain,24/05/1954,0632860636,René.Sylvain@gmail.com,8,F9,0.23
2210452330117,Patrick,Yann,27/09/1939,0238620075,Patrick.Yann@gmail.com,96,J1,5.84
1510739256730,Claude,Michel,18/11/1990,0565206051,Claude.Michel@gmail.com,84,J2,8.64
2160250006520,Marie,Gabriel,07/11/1998,0551538122,Marie.Gabriel@gmail.com,75,F3,8.1
1160272263477,Mathieu,Raymond,12/04/1955,0956610051,Mathieu.Raymond@gmail.com,27,F4,0.55
1750337088838,Pascal,Paul,28/10/1923,0847073982,Pascal.Paul@gmail.com,49,H2,6.84
1320263129068,Antoine,Patrice,14/08/1910,0751327469,Antoine.Patrice@gmail.com,64,C8,4.68
1940638136538,François,Maurice,20/01/2004,0974588495,François.Maurice@gmail.com,81,A5,2.91
2540548093024,Philippe,Alfred,18/08/1952,0564989581,Philippe.Alfred@gmail.com,43,I3,5.11
1590686320675,Philippe,Patrick,01/02/1982,0185490788,Philippe.Patrick@gmail.com,23,L1,6.34
1130222316446,Jean-Pierre,Bernard,02/04/1942,0872855168,Jean-Pierre.Bernard@gmail.com,95,B3,4.19
1051102084211,Michel,Lucie,28/04/2020,0337232924,Michel.Lucie@gmail.com,12,A2,8.0
2081255004009,Auguste,Mathieu,04/03/1920,0429675224,Auguste.Mathieu@gmail.com,34,K4,1.04
1641260743410,Jacques,Auguste,27/06/1920,0640516672,Jacques.Auguste@gmail.com,8,K6,1.61
2721227956471,Jean-Luc,Denis,20/09/1969,0281502031,Jean-Luc.Denis@gmail.com,66,L7,5.57
2471159395663,Jean,Bernard,22/05/1951,0291028649,Jean.Bernard@gmail.com,26,D3,2.46
1150851762633,Marcel,Marie,24/08/1912,0923659689,Marcel.Marie@gmail.com,8,M2,4.49
2331190738008,Olivier,Guillaume,08/02/2008,0766397365,Olivier.Guillaume@gmail.com,23,K6,8.47
1700416416777,Sylvain,Christophe,13/10/1986,0390172786,Sylvain.Christophe@gmail.com,86,B9,5.92
1670265813065,Sylvain,Denis,21/08/1972,0215094242,Sylvain.Denis@gmail.com,72,E5,5.8500000000000005
2561088193975,Thierry,Sébastien,24/10/1934,0997978500,Thierry.Sébastien@gmail.com,15,G3,9.61
2270150751150,Frédéric,Alice,14/03/1980,0387982744,Frédéric.Alice@gmail.com,31,N3,9.41
2880491507722,Grégory,Olivier,06/12/1955,0892201777,Grégory.Olivier@gmail.com,52,C9,5.94
1101247573312,Marie,Pascal,01/10/1994,0643802916,Marie.Pascal@gmail.com,44,D7,2.8000000000000003
2550811027466,Philippe,Claude,04/08/1924,0962588294,Philippe.Claude@gmail.com,25,J2,0.27
2091072217939,Arthur,Sophie,13/01/1952,0322783843,Arthur.Sophie@gmail.com,45,A5,9.8
2210497574575,Frédéric,Thierry,20/12/2003,0711290184,Frédéric.Thierry@gmail.com,20,F1,6.5
1730386891729,Denis,David,20/02/1993,0133927531,Denis.David@gmail.com,70,M2,7.15
1861123932856,Julie,Nicolas,03/12/1987,0517934119,Julie.Nicolas@gmail.com,63,B6,6.01
1741049350961,Maxime,Philippe,17/11/1960,0648141121,Maxime.Philippe@gmail.com,13,D3,0.64
1480947158576,Georges,Claude,21/07/1934,0664154918,Georges.Claude@gmail.com,10,M6,3.23
1490969882528,Pierre,Nicolas,16/09/1928,0720893317,Pierre.Nicolas@gmail.com,73,F6,6.33
2670431793469,Pascal,Marius,01/11/1958,0160077692,Pascal.Marius@gmail.com,81,J2,0.6
2650574631896,Raoul,Gilbert,05/01/1986,0581072416,Raoul.Gilbert@gmail.com,71,C2,5.99
2150145216902,Marie,Albert,17/10/2016,0295148165,Marie.Albert@gmail.com,33,L9,1.1400000000000001
2031077643522,Fernand,Étienne,24/01/1926,0191560990,Fernand.Étienne@gmail.com,96,E6,5.69
1020821066573,Étienne,Jean,05/03/1966,0215346117,Étienne.Jean@gmail.com,42,C1,6.1000000000000005
1000859775080,Jean,Renaud,03/05/1936,0736272143,Jean.Renaud@gmail.com,89,B6,9.200000000000001
1200327983105,Frédéric,Sophie,20/02/1958,0653988569,Frédéric.Sophie@gmail.com,43,I3,4.94
2571282174092,Arnaud,André,23/03/1937,0298836726,Arnaud.André@gmail.com,62,F1,5.37
2900544849497,Alain,Julie,20/11/2014,0134570064,Alain.Julie@gmail.com,38,D6,7.47
2291249176915,Arthur,Marcel,11/11/1922,0868798202,Arthur.Marcel@gmail.com,21,E6,9.47
2250926544840,Marie,Olivier,24/02/1909,0617649740,Marie.Olivier@gmail.com,36,B9,5.73
1780498007493,Laurent,Étienne,03/08/1925,0287106476,Laurent.Étienne@gmail.com,1,J4,9.64
1851185207993,Philippe,Thomas,15/09/1944,0248321136,Philippe.Thomas@gmail.com,35,M4,0.79
1370105570013,Philippe,Joseph,01/10/1974,0864422114,Philippe.Joseph@gmail.com,39,G1,7.97
2020261463194,Sébastien,Renaud,01/03/1911,0238361067,Sébastien.Renaud@gmail.com,76,J2,8.040000000000001
2880395205368,Emmanuel,Stéphane,13/04/1949,0861163153,Emmanuel.Stéphane@gmail.com,29,J8,4.89
2240608803072,Thierry,Thierry,11/03/1977,0918187185,Thierry.Thierry@gmail.com,63,B4,4.21
1100528205825,Cyril,Alexandre,13/04/1936,0626191623,Cyril.Alexandre@gmail.com,40,B6,6.62
2070730371882,Philippe,Albert,17/12/1921,0992947454,Philippe.Albert@gmail.com,39,G2,9.700000000000001
1540234712522,Frédéric,Christophe,10/09/1944,0667464124,Frédéric.Christophe@gmail.com,19,M2,7.49
1430822729836,Yann,Hervé,28/10/2014,0827101728,Yann.Hervé@gmail.com,63,E9,5.03
2131248740304,Édouard,David,12/04/1990,0687621822,Édouard.David@gmail.com,35,K7,6.7
1100907919947,Pierre,Pierre,26/05/1933,0920491486,Pierre.Pierre@gmail.com,45,I2,5.88
1151149240658,Olivier,Nicolas,06/04/1909,0659815619,Olivier.Nicolas@gmail.com,31,C3,1.03
2430275057110,Maxime,Marie,27/09/1952,0832607391,Maxime.Marie@gmail.com,86,F7,4.79
1890719072069,Antoine,Patrice,03/07/1905,0240740470,Antoine.Patrice@gmail.com,23,N1,3.98
1000664682467,Noël,Sylvain,16/05/1934,0910846838,Noël.Sylvain@gmail.com,80,H3,9.200000000000001
2181286557848,Gustave,Émile,27/11/2003,0592580626,Gustave.Émile@gmail.com,17,E9,0.11
2140466832672,Jean-François,Emmanuel,15/01/1947,0459481214,Jean-François.Emmanuel@gmail.com,52,N5,3.71
1041040941000,Jean-Pierre,Raoul,19/06/1952,0161284261,Jean-Pierre.Raoul@gmail.com,56,H4,9.56
2170521155134,Hervé,Antoine,13/09/1963,0678349773,Hervé.Antoine@gmail.com,16,L1,7.92
2620444445760,Hubert,Alain,06/10/1973,0721222283,Hubert.Alain@gmail.com,87,B7,2.05
2590942614781,Denis,Louis,24/01/1991,0162548163,Denis.Louis@gmail.com,32,C3,7.4
2060665709686,Laurent,Jean-François,09/02/2014,0534900843,Laurent.Jean-François@gmail.com,77,A8,3.45
2450398972402,Charles,Benoît,21/06/2007,0884100730,Charles.Benoît@gmail.com,59,D9,9.99
2660125494025,Laurent,Fernand,13/10/1935,0127387261,Laurent.Fernand@gmail.com,22,B2,5.59
1380574645042,Cédric,Vincent,27/10/1970,0123652222,Cédric.Vincent@gmail.com,72,B4,0.12
2630927824391,Vincent,Albert,28/05/1995,0771556987,Vincent.Albert@gmail.com,41,C8,6.54
1180348014158,Gabriel,Denis,02/04/1952,0424451859,Gabriel.Denis@gmail.com,76,G1,6.57
2190429313748,Sophie,Stéphane,05/07/1984,0133956511,Sophie.Stéphane@gmail.com,93,C2,1.56
1120654206131,Mathieu,Jacques,16/12/1993,0422042069,Mathieu.Jacques@gmail.com,70,E5,9.66
1170765574629,Denis,Charles,13/11/1965,0310137311,Denis.Charles@gmail.com,31,K1,3.3000000000000003
1410332361524,Pierre,Maxime,27/05/1931,0798877144,Pierre.Maxime@gmail.com,14,D7,8.38
1120836095654,Renaud,Hubert,19/11/2014,0387498385,Renaud.Hubert@gmail.com,41,B2,0.76
1100292626905,Cyril,Denis,17/02/2003,0236019754,Cyril.Denis@gmail.com,32,J2,2.14
2450712678930,Sophie,Philippe,28/06/1925,0589038763,Sophie.Philippe@gmail.com,44,A1,3.41
2370555660490,Benoît,David,01/12/1934,0132299756,Benoît.David@gmail.com,54,K6,9.75
2710563325377,Olivier,Éric,02/10/1935,0369300763,Olivier.Éric@gmail.com,21,J7,0.08
2231179302429,Pierre,Paul,26/12/1937,0110138456,Pierre.Paul@gmail.com,80,H6,9.81
2010805579123,Arthur,Olivier,04/07/2021,0252907801,Arthur.Olivier@gmail.com,98,M4,9.08
1070731697330,Jean,Arthur,20/04/1914,0645704463,Jean.Arthur@gmail.com,87,M2,4.99
2091087060596,Hubert,Henri,27/01/1972,0335437254,Hubert.Henri@gmail.com,71,H4,6.95
1230442512034,Patrice,Patrice,08/03/1950,0796123443,Patrice.Patrice@gmail.com,14,J9,0.61
1000251139059,Marcel,Romain,23/07/1983,0294893040,Marcel.Romain@gmail.com,88,J8,6.65
2560307334882,Philippe,Thierry,05/02/2020,0295864812,Philippe.Thierry@gmail.com,3,N2,8.78
2400143697008,Étienne,Raymond,01/09/1918,0396585366,Étienne.Raymond@gmail.com,62,I3,9.83
2680596653917,Emmanuel,Marie,07/01/2012,0169938439,Emmanuel.Marie@gmail.com,84,G8,9.07
1920593891611,Gérard,Albert,18/11/1929,0536279776,Gérard.Albert@gmail.com,72,D5,4.2
2010847220336,Louis,Patrice,08/01/2001,0162869672,Louis.Patrice@gmail.com,53,C2,6.51
1091254827960,Joseph,Henri,08/10/1985,0411156989,Joseph.Henri@gmail.com,9,F2,8.01
2190702296073,Nicolas,David,03/12/2022,0318541915,Nicolas.David@gmail.com,79,E8,5.8
1001246598644,Patrice,Cédric,08/04/1918,0638592853,Patrice.Cédric@gmail.com,44,B7,9.73
1220522411696,Emmanuel,Daniel,04/04/1929,0675393505,Emmanuel.Daniel@gmail.com,31,L1,5.57
2180905739102,Benjamin,Alice,18/12/1907,0857254497,Benjamin.Alice@gmail.com,39,B4,5.79
2270647673624,Georges,Paul,07/10/1982,0581522807,Georges.Paul@gmail.com,39,D6,9.57
2571298935619,Alice,Philippe,23/02/2017,0432158585,Alice.Philippe@gmail.com,3,B8,2.59
2390870804144,Fernand,Daniel,23/09/1970,0823808644,Fernand.Daniel@gmail.com,42,F2,5.23
2860691116404,Sébastien,Charles,06/08/1963,0557703120,Sébastien.Charles@gmail.com,93,L5,5.39
2080773877481,Lucie,Raymond,27/07/1958,0313074874,Lucie.Raymond@gmail.com,44,A4,3.5700000000000003
1500438058439,Maxime,Claude,11/04/1975,0273435147,Maxime.Claude@gmail.com,87,D8,0.26
1130696038866,François,Daniel,27/07/1943,0735103515,François.Daniel@gmail.com,85,A1,5.66
1110537068677,Édouard,Marcel,06/11/1991,0946407027,Édouard.Marcel@gmail.com,70,N8,5.87
2190633789303,Jacques,David,17/01/1987,0427930345,Jacques.David@gmail.com,20,E1,8.07
2210494812807,Laurent,Édouard,09/12/1977,0777402714,Laurent.Édouard@gmail.com,34,B4,0.35000000000000003
1170163018698,Gustave,André,11/02/1949,0922396682,Gustave.André@gmail.com,3,M8,2.43
1090739037702,Maurice,Arnaud,01/11/1996,0787511258,Maurice.Arnaud@gmail.com,33,L1,5.65
1130548578161,Raoul,Nicolas,28/11/1923,0372089970,Raoul.Nicolas@gmail.com,68,C7,5.4
2291171836577,Damien,François,26/03/1953,0745857408,Damien.François@gmail.com,16,F1,9.1
1220326308045,David,Yves,01/09/1972,0764564591,David.Yves@gmail.com,78,E7,8.71
1630712709577,Philippe,Joseph,11/05/1943,0441268526,Philippe.Joseph@gmail.com,4,J7,9.540000000000001
2270257940976,Jean,Jean-Luc,09/09/1917,0156683689,Jean.Jean-Luc@gmail.com,22,K4,1.06
1000701795239,Alexandre,Patrick,18/05/1929,0947854119,Alexandre.Patrick@gmail.com,29,N4,5.87
1490548856548,Laurent,Hervé,09/12/1949,0148862154,Laurent.Hervé@gmail.com,44,D6,5.75
1690476217823,Gabriel,Antoine,15/04/1968,0762699369,Gabriel.Antoine@gmail.com,79,H3,9.5
2141268331876,Philippe,Émile,04/06/1940,0313464624,Philippe.Émile@gmail.com,84,N8,0.65
2180754076400,Marc,Mathieu,07/01/1947,0222937574,Marc.Mathieu@gmail.com,98,J5,3.72
2370145830746,Julien,François,03/01/1955,0488433854,Julien.François@gmail.com,55,A1,0.21
1910180664001,Sylvain,Benjamin,14/06/2013,0991498057,Sylvain.Benjamin@gmail.com,4,G1,0.6900000000000001
2581275697738,Julien,Pascal,02/05/1965,0317834905,Julien.Pascal@gmail.com,97,C5,6.73
1611269763382,Hervé,Jacques,23/11/1986,0863334574,Hervé.Jacques@gmail.com,2,D3,4.21
1240504351871,Laurent,René,16/07/1947,0249411647,Laurent.René@gmail.com,29,N1,6.82
1010423644842,Philippe,Vincent,22/02/2015,0247636124,Philippe.Vincent@gmail.com,61,D8,8.59
1770385458219,Auguste,Bertrand,08/12/1904,0450797659,Auguste.Bertrand@gmail.com,31,I7,3.5700000000000003
2440443725606,Pascal,Éric,27/03/1961,0278078935,Pascal.Éric@gmail.com,50,D5,2.27
1610213577320,Gabriel,Bertrand,16/11/1901,0322955979,Gabriel.Bertrand@gmail.com,58,F5,8.82
2560220450163,Éric,Lionel,28/04/1954,0973145833,Éric.Lionel@gmail.com,10,F1,4.96
1060943837583,Julien,Renaud,16/03/1943,0986860744,Julien.Renaud@gmail.com,76,L2,9.22
2661077698064,Vincent,Maurice,07/11/1912,0875371649,Vincent.Maurice@gmail.com,60,H4,5.16
2201202876096,Benjamin,Georges,17/06/1990,0974911383,Benjamin.Georges@gmail.com,71,M3,3.31
1450685110256,Renaud,Olivier,01/03/1989,0755096321,Renaud.Olivier@gmail.com,17,L9,8.63
2271144784987,Vincent,Yves,25/01/2003,0218247348,Vincent.Yves@gmail.com,75,A2,3.84
1170772673431,Olivier,Antoine,15/12/1997,0362874612,Olivier.Antoine@gmail.com,87,H9,3.0500000000000003
2191084117451,Maxime,Maxime,12/12/2017,0891778840,Maxime.Maxime@gmail.com,45,E3,1.92
1110542928621,Stéphane,Alexandre,18/06/1985,0426939280,Stéphane.Alexandre@gmail.com,32,B6,5.46
2430351569736,Paul,Hubert,02/10/1970,0381434615,Paul.Hubert@gmail.com,96,B5,6.86
1220685974014,Nicolas,Grégory,19/10/1993,0430729278,Nicolas.Grégory@gmail.com,44,M5,7.5600000000000005
1120721974554,Gilles,Jean,22/02/2007,0435664264,Gilles.Jean@gmail.com,39,B8,5.89
1610892960747,Laurent,Guillaume,01/07/1963,0745441261,Laurent.Guillaume@gmail.com,23,D3,8.67
2280913743210,Denis,Jean-François,22/01/1970,0390761141,Denis.Jean-François@gmail.com,40,A7,10.0
2640820154826,Nicolas,Hervé,23/10/2016,0350915217,Nicolas.Hervé@gmail.com,54,B1,5.5
2091193515846,Antoine,François,10/05/1959,0294330920,Antoine.François@gmail.com,17,N4,0.42
2260375050832,Lucien,Jérôme,13/10/1926,0681167981,Lucien.Jérôme@gmail.com,42,E5,5.55
2571073505984,Arthur,Stéphane,17/05/1903,0743548773,Arthur.Stéphane@gmail.com,27,L9,2.96
2611198505612,Georges,Arthur,10/04/1911,0285345981,Georges.Arthur@gmail.com,38,G5,3.24
1640250835257,Cyril,Patrice,14/04/1994,0228517314,Cyril.Patrice@gmail.com,41,I7,2.5500000000000003
1680674032947,Nicolas,Julien,03/01/1954,0986652866,Nicolas.Julien@gmail.com,91,K6,7.44
1621091945172,Maxime,Marc,22/10/1938,0451653279,Maxime.Marc@gmail.com,55,C5,5.36
2710824754805,Michel,Vincent,27/09/1928,0494539356,Michel.Vincent@gmail.com,79,B4,6.75
1910345708090,Vincent,Julie,27/05/2022,0449813512,Vincent.Julie@gmail.com,35,L6,8.96
2080412784547,Alexandre,Raymond,16/05/1933,0159312211,Alexandre.Raymond@gmail.com,55,L6,4.3100000000000005
1951183449363,Jacques,François,25/06/1920,0167335658,Jacques.François@gmail.com,74,A6,1.02
2980161007216,Fabien,Olivier,03/03/1986,0572989833,Fabien.Olivier@gmail.com,72,B5,4.62
1160960079177,Jérôme,Auguste,01/04/2019,0669323620,Jérôme.Auguste@gmail.com,43,C9,0.91
1830994544731,Julien,Julie,27/10/2003,0636528020,Julien.Julie@gmail.com,85,N8,4.96
1660394194962,Sophie,Alice,07/04/1934,0431976452,Sophie.Alice@gmail.com,70,H9,0.51
2770316390613,Arnaud,Fernand,25/02/1984,0193095367,Arnaud.Fernand@gmail.com,91,B1,4.21
1120215290735,Julien,René,22/11/1995,0185184971,Julien.René@gmail.com,63,E2,5.93
1240197251256,Jean-François,Arnaud,02/10/1914,0871911275,Jean-François.Arnaud@gmail.com,96,J4,1.5
1200810354989,Olivier,Armand,18/02/2013,0752185238,Olivier.Armand@gmail.com,98,F6,7.08
1560884057383,Louis,Alain,10/01/1930,0889943981,Louis.Alain@gmail.com,44,M9,7.94
1031136644275,Hervé,Mathieu,28/05/1980,0665397916,Hervé.Mathieu@gmail.com,49,M4,2.93
1251193975946,Olivier,Frédéric,01/03/1922,0585564064,Olivier.Frédéric@gmail.com,39,B2,9.84
1440186399773,Pierre,Gérard,15/06/1908,0678726199,Pierre.Gérard@gmail.com,18,E2,1.87
2970267984684,Alfred,Sophie,13/02/1953,0951517686,Alfred.Sophie@gmail.com,91,J2,3.92
2170723769862,Maxime,Damien,02/07/1948,0952867620,Maxime.Damien@gmail.com,83,F8,7.11
1210628784812,Sébastien,Denis,20/09/1911,0642675950,Sébastien.Denis@gmail.com,57,E9,6.13
1791079645260,Olivier,Marcel,19/12/2007,0193889161,Olivier.Marcel@gmail.com,4,B7,4.46
1110618807137,Philippe,Vincent,25/04/2005,0291031577,Philippe.Vincent@gmail.com,44,H7,7.73
1250410538914,Maxime,Éric,05/07/1914,0668861131,Maxime.Éric@gmail.com,28,F2,6.9
1720899040746,David,Alfred,03/07/2009,0575745093,David.Alfred@gmail.com,35,C8,8.82
1291133294046,Nicolas,Benoît,23/11/2016,0448959234,Nicolas.Benoît@gmail.com,90,J5,7.92
1270384616824,Henri,Lucie,27/06/2021,0439158041,Henri.Lucie@gmail.com,98,G3,8.02
1130796312171,Xavier,Albert,07/04/1957,0287359542,Xavier.Albert@gmail.com,25,G8,5.98
1000815756949,Yves,Alice,17/01/1942,0230086010,Yves.Alice@gmail.com,70,C2,7.890000000000001
1610298604966,Louis,Gilles,19/02/1988,0313471246,Louis.Gilles@gmail.com,17,A8,6.86
2510356475950,Pierre,Alfred,25/06/1946,0656340809,Pierre.Alfred@gmail.com,54,M8,8.46
2121189213950,Antoine,Laurent,28/01/1931,0613223046,Antoine.Laurent@gmail.com,82,C1,9.01
2890315774617,Laurent,Marcel,02/05/1918,0916624243,Laurent.Marcel@gmail.com,65,K6,5.62
2300142948846,Jean,Cyril,15/07/1988,0398623702,Jean.Cyril@gmail.com,52,K4,6.28
1420478858740,Pascal,Jacques,10/09/1914,0346668052,Pascal.Jacques@gmail.com,67,E4,2.61
2470154061489,Alain,Gilbert,06/11/1969,0636827520,Alain.Gilbert@gmail.com,100,F5,5.5600000000000005
1471184107921,Paul,Jacques,19/01/1946,0438474137,Paul.Jacques@gmail.com,3,J3,6.11
1220766871553,Cyril,Patrice,22/12/2017,0225746542,Cyril.Patrice@gmail.com,3,J1,2.92
1440901987360,Olivier,Jean-Luc,21/08/1975,0579319372,Olivier.Jean-Luc@gmail.com,77,N8,8.06
2870159418007,Maxime,Éric,10/03/1958,0627236939,Maxime.Éric@gmail.com,61,F6,8.09
2250915564814,Gilbert,Hervé,04/01/1959,0210650707,Gilbert.Hervé@gmail.com,12,K9,4.24
2080270512765,Georges,Guillaume,16/03/1902,0316688732,Georges.Guillaume@gmail.com,34,G6,1.25
1060225084433,François,Xavier,09/01/1988,0467942038,François.Xavier@gmail.com,48,N5,4.53
2461101250307,Alexandre,Édouard,18/11/1968,0846808735,Alexandre.Édouard@gmail.com,53,C9,3.15
2270880789899,Patrick,Édouard,02/09/1953,0184446581,Patrick.Édouard@gmail.com,41,J3,8.67
2040103572834,Xavier,Antoine,23/05/1993,0810800694,Xavier.Antoine@gmail.com,77,A6,4.73
1530834613320,Julie,Fabien,03/08/1930,0893013724,Julie.Fabien@gmail.com,61,K4,5.26
1050342198438,Olivier,René,07/07/1911,0557364818,Olivier.René@gmail.com,38,A9,1.22
2201044395829,Christophe,Lucie,26/08/1934,0622575274,Christophe.Lucie@gmail.com,42,E2,1.1300000000000001
1800157714092,Arnaud,Armand,11/01/1917,0395236019,Arnaud.Armand@gmail.com,56,J4,9.58
2100517586417,Christian,David,16/01/1999,0379982111,Christian.David@gmail.com,65,A8,6.94
2901117762740,Olivier,Lucie,22/08/1944,0973263821,Olivier.Lucie@gmail.com,51,K5,5.8100000000000005
1180592117366,Thierry,Arnaud,05/03/1910,0256002056,Thierry.Arnaud@gmail.com,77,M9,9.83
1291176538645,Marius,Lionel,12/03/2002,0698469913,Marius.Lionel@gmail.com,73,M1,8.52
2721289433998,Patrice,Christian,13/12/1995,0391628432,Patrice.Christian@gmail.com,30,L1,1.07
1570197127821,Hervé,Lionel,28/01/1988,0142778004,Hervé.Lionel@gmail.com,70,E1,8.57
2801144438578,Bernard,David,21/09/1983,0541433118,Bernard.David@gmail.com,81,J1,6.3500000000000005
1180995330141,Frédéric,Bernard,21/03/1911,0410327207,Frédéric.Bernard@gmail.com,5,G8,6.66
1170982465038,Olivier,Marcel,02/10/1916,0597928478,Olivier.Marcel@gmail.com,49,B8,3.0300000000000002
2920612138868,Hubert,Pascal,07/02/1932,0277291412,Hubert.Pascal@gmail.com,10,D9,1.1400000000000001
1970158247599,Gabriel,Fernand,20/09/1996,0322449328,Gabriel.Fernand@gmail.com,52,B3,2.37
1090648408326,Georges,Grégory,08/08/1934,0523017820,Georges.Grégory@gmail.com,70,I7,6.7700000000000005
2241250789426,Arnaud,Jean-Luc,21/02/1934,0461488731,Arnaud.Jean-Luc@gmail.com,77,D6,0.89
2820945133950,Philippe,Alice,05/10/1951,0843787464,Philippe.Alice@gmail.com,26,H6,6.01
1841152528245,Philippe,Armand,16/02/1923,0177913062,Philippe.Armand@gmail.com,8,F4,5.24
2690898497608,Gilbert,Maxime,21/12/1910,0297004795,Gilbert.Maxime@gmail.com,38,D5,5.59
2000516948641,Yann,Pascal,27/03/1932,0261318399,Yann.Pascal@gmail.com,77,D3,3.65
1730520731157,Éric,Patrice,24/06/1992,0730263708,Éric.Patrice@gmail.com,50,N5,5.8500000000000005
1980887865043,Bertrand,Charles,10/11/1954,0939542707,Bertrand.Charles@gmail.com,7,A4,6.640000000000001
2141069530086,Guillaume,Armand,05/10/2021,0334716667,Guillaume.Armand@gmail.com,34,B6,9.43
2050161769390,Gilbert,Mathieu,12/12/1900,0772038620,Gilbert.Mathieu@gmail.com,78,F1,3.3000000000000003
2280147352822,François,Joseph,17/09/1988,0134633309,François.Joseph@gmail.com,15,E6,8.67
1201280938150,Gustave,Raoul,03/08/1924,0598121118,Gustave.Raoul@gmail.com,15,N7,4.7700000000000005
2200372015889,Bernard,Thomas,04/05/2023,0695790210,Bernard.Thomas@gmail.com,84,D5,6.96
1880711613544,Laurent,Hervé,11/10/1941,0253135745,Laurent.Hervé@gmail.com,81,I5,9.89
1150806032712,Éric,Fabien,13/12/2002,0657453651,Éric.Fabien@gmail.com,94,K5,7.88
1930540982293,Joseph,Georges,27/05/1928,0649813032,Joseph.Georges@gmail.com,97,A2,9.290000000000001
2181119213734,Gérard,Jean-François,01/10/2013,0675884349,Gérard.Jean-François@gmail.com,90,N5,1.06
1900870418905,Benoît,Marc,18/10/1956,0497005354,Benoît.Marc@gmail.com,85,N7,9.0
1780507297173,Raymond,Olivier,26/11/1995,0113602811,Raymond.Olivier@gmail.com,82,A5,2.35
2830248458940,Maurice,Vincent,09/11/1929,0779283954,Maurice.Vincent@gmail.com,35,J2,9.92
2150504657165,Benjamin,Vincent,11/10/2022,0453865295,Benjamin.Vincent@gmail.com,50,H3,1.45
2051080453754,Gilles,Maurice,10/12/1903,0497352910,Gilles.Maurice@gmail.com,95,I7,8.02
1040883456965,Daniel,Alexandre,26/06/2016,0716335782,Daniel.Alexandre@gmail.com,16,G3,3.23
2781039144874,Romain,Renaud,22/01/2006,0383082955,Romain.Renaud@gmail.com,86,C5,7.43
1641215440681,Stéphane,Marie,21/06/2008,0280091942,Stéphane.Marie@gmail.com,85,L7,0.74
1530461357739,Nicolas,Nicolas,23/11/1948,0489014990,Nicolas.Nicolas@gmail.com,74,H8,7.37
1830280053630,Hubert,Olivier,01/08/1904,0922239324,Hubert.Olivier@gmail.com,22,N4,5.89
1240910530123,Jérôme,Pierre,19/07/2003,0863046803,Jérôme.Pierre@gmail.com,76,A8,0.15
1201095858628,Lucien,Emmanuel,09/02/2023,0194533382,Lucien.Emmanuel@gmail.com,59,H5,8.790000000000001
2150871172189,Grégory,Lucie,16/01/1941,0522560882,Grégory.Lucie@gmail.com,41,K1,4.0
1320903995918,Maxime,Frédéric,17/09/1948,0757522241,Maxime.Frédéric@gmail.com,3,G4,2.46
1940975166673,Yann,Denis,02/04/2001,0999254972,Yann.Denis@gmail.com,54,J5,4.44
1040773843127,Philippe,Vincent,04/02/2004,0565193367,Philippe.Vincent@gmail.com,69,K6,0.23
1321044649945,Jérôme,Charles,24/06/1953,0599304581,Jérôme.Charles@gmail.com,10,J8,9.950000000000001
2430789518966,Étienne,Damien,19/03/1909,0989366156,Étienne.Damien@gmail.com,4,E5,4.96
2490267146763,Stéphane,Daniel,05/03/1924,0356801015,Stéphane.Daniel@gmail.com,64,C8,0.58
2180736293806,Thomas,Armand,01/12/2004,0769733429,Thomas.Armand@gmail.com,64,N1,1.19
1361012663624,Raymond,Michel,22/06/1910,0688287891,Raymond.Michel@gmail.com,86,A3,9.34
1491133764694,Julien,Sébastien,27/05/1953,0182558013,Julien.Sébastien@gmail.com,16,L3,9.620000000000001
1240342444555,Lionel,Armand,03/06/1934,0947288017,Lionel.Armand@gmail.com,25,K4,6.82
2540853744346,David,Maxime,18/06/1987,0678094421,David.Maxime@gmail.com,45,I6,9.01
2110284108911,Laurent,Julien,23/10/2023,0147146145,Laurent.Julien@gmail.com,47,A6,5.17
1721030118097,Paul,Hubert,07/11/1969,0957823328,Paul.Hubert@gmail.com,66,L4,7.68
1360121243975,Patrick,Michel,19/04/1987,0149031235,Patrick.Michel@gmail.com,47,G7,2.97
1890919396413,Marie,Patrice,07/02/1984,0752313658,Marie.Patrice@gmail.com,18,N5,6.22
1180144495563,Jean-Michel,Henri,27/09/2018,0675109383,Jean-Michel.Henri@gmail.com,86,H6,3.89
1700567603639,Nicolas,Romain,01/02/1951,0811187811,Nicolas.Romain@gmail.com,1,B3,8.45
2130498079717,Frédéric,Jean-Michel,06/05/2004,0454950237,Frédéric.Jean-Michel@gmail.com,28,D3,0.42
1120230822778,Maxime,Vincent,17/09/1980,0334021890,Maxime.Vincent@gmail.com,15,E8,2.35
2070445699038,Jacques,Paul,26/08/1930,0831489058,Jacques.Paul@gmail.com,86,G2,6.640000000000001
2210503251793,Arthur,Sophie,02/01/1901,0238368511,Arthur.Sophie@gmail.com,58,D2,4.54
1120244699323,Jean,Étienne,07/06/1902,0124985676,Jean.Étienne@gmail.com,80,D3,0.52
2140158919869,Vincent,Maxime,08/11/1914,0798099386,Vincent.Maxime@gmail.com,80,B1,8.27
2210422462886,Maxime,Pierre,07/03/1906,0477185489,Maxime.Pierre@gmail.com,60,B6,2.39
2491108874121,Étienne,Georges,06/02/1957,0146271513,Étienne.Georges@gmail.com,35,J9,5.67
2731029459758,Alain,Jean-Michel,08/06/1992,0199218541,Alain.Jean-Michel@gmail.com,24,B4,4.38
2020705220173,Philippe,Patrice,04/11/1996,0444937672,Philippe.Patrice@gmail.com,43,A8,1.48
1890507684411,Maxime,André,27/04/1967,0170946089,Maxime.André@gmail.com,73,K8,3.0500000000000003
2821045095785,Marie,Hubert,01/12/1983,0662338967,Marie.Hubert@gmail.com,61,N1,1.68
2620678597351,Alexandre,Jean-Michel,04/05/1949,0841835393,Alexandre.Jean-Michel@gmail.com,78,E2,1.12
1511151304948,Raoul,Gilles,17/09/1964,0147976217,Raoul.Gilles@gmail.com,76,J6,3.48
2150870186483,Arnaud,Thierry,07/06/1979,0176208405,Arnaud.Thierry@gmail.com,81,C3,6.16
1810816563912,André,Maurice,20/04/1911,0849822216,André.Maurice@gmail.com,20,C1,6.1000000000000005
2150473496216,Gabriel,Philippe,06/11/1924,0739901909,Gabriel.Philippe@gmail.com,25,F3,5.22
1390446416652,Louis,Antoine,13/12/2023,0671964369,Louis.Antoine@gmail.com,10,N2,8.75
2460804133704,Paul,Sébastien,16/06/1986,0945627251,Paul.Sébastien@gmail.com,47,L7,4.11
2720370045872,Maxime,Alexandre,01/10/1918,0913890758,Maxime.Alexandre@gmail.com,21,L6,4.76
1890427713801,Pierre,Édouard,26/10/1977,0394700695,Pierre.Édouard@gmail.com,87,G1,3.63
1101180794398,Olivier,Vincent,10/12/1930,0970158576,Olivier.Vincent@gmail.com,1,K1,2.86
2170770454296,François,Noël,05/02/2023,0976381520,François.Noël@gmail.com,91,A7,8.48
1081187485236,Jean-Luc,Nicolas,26/07/1949,0430237239,Jean-Luc.Nicolas@gmail.com,55,L7,6.49
2600434499105,Denis,Yves,21/09/1986,0640027965,Denis.Yves@gmail.com,87,C8,2.7
1200533620010,Stéphane,Pascal,15/05/1906,0439240739,Stéphane.Pascal@gmail.com,37,D5,8.22
2910885736217,Patrice,Alfred,26/08/1928,0467919360,Patrice.Alfred@gmail.com,49,G4,8.31
2790601764529,Laurent,Joseph,06/01/2004,0447566132,Laurent.Joseph@gmail.com,21,F1,4.01
1471231900902,Olivier,Lionel,27/11/1978,0833332373,Olivier.Lionel@gmail.com,24,K2,8.15
1781268358425,Raoul,Étienne,18/01/1958,0276206704,Raoul.Étienne@gmail.com,40,G3,1.3900000000000001
2500984380183,Grégory,Stéphane,06/08/1910,0426065839,Grégory.Stéphane@gmail.com,84,D7,6.3100000000000005
2001042258232,Denis,Éric,16/04/1905,0422855282,Denis.Éric@gmail.com,99,F7,3.69
2700284146982,Georges,Frédéric,07/01/1942,0517476240,Georges.Frédéric@gmail.com,59,E7,6.19
1380886406705,Pierre,Pierre,03/03/1907,0363749510,Pierre.Pierre@gmail.com,13,E1,2.45
1110841385825,Yves,Pierre,08/01/1971,0511775473,Yves.Pierre@gmail.com,43,I6,0.8300000000000001
1100228182449,Raymond,Alexandre,11/12/1951,0355679618,Raymond.Alexandre@gmail.com,64,J2,5.94
2590806161649,Raoul,Édouard,21/07/2021,0497444682,Raoul.Édouard@gmail.com,88,K7,8.2
1001097517692,Alexandre,Damien,15/12/2004,0128131520,Alexandre.Damien@gmail.com,99,A3,0.52
2790250277612,Jacques,Gilles,05/11/2017,0748010510,Jacques.Gilles@gmail.com,19,G5,2.81
2420114513590,Gilbert,Gilles,02/05/1997,0754376165,Gilbert.Gilles@gmail.com,52,D9,1.87
1070336662127,Emmanuel,Albert,19/04/1967,0435820994,Emmanuel.Albert@gmail.com,75,L2,2.23
2431207941480,Sébastien,Raymond,01/05/2021,0473755317,Sébastien.Raymond@gmail.com,77,I2,9.11
1580960074838,François,Marie,22/01/1908,0997964943,François.Marie@gmail.com,41,C8,7.72
2421158918105,Arthur,Cédric,03/02/1997,0645595441,Arthur.Cédric@gmail.com,53,A2,7.19
2070205956195,Hervé,Hubert,28/01/1988,0166240610,Hervé.Hubert@gmail.com,64,C7,0.71
2260429204818,Étienne,Xavier,16/03/2010,0841528269,Étienne.Xavier@gmail.com,43,D8,6.57
2601079964292,Gilbert,Lionel,23/11/2004,0569292144,Gilbert.Lionel@gmail.com,8,H4,3.0
2070224261716,Jean,Sophie,25/03/1983,0732122589,Jean.Sophie@gmail.com,77,L5,6.19
2880964430668,Sophie,Lionel,18/12/1968,0711099210,Sophie.Lionel@gmail.com,100,N3,1.03
2910422310964,Alain,Marc,18/01/1901,0324423505,Alain.Marc@gmail.com,87,L3,0.55
2820919461348,Paul,Arthur,11/07/1936,0269615409,Paul.Arthur@gmail.com,53,J7,6.2
2251005498874,André,Yves,02/03/1964,0624817111,André.Yves@gmail.com,82,M3,8.06
2220529886174,Alexandre,Raymond,06/09/1938,0310401238,Alexandre.Raymond@gmail.com,67,N6,4.61
2160616812668,Bernard,Stéphane,21/02/1911,0540891121,Bernard.Stéphane@gmail.com,56,C2,0.4
1870154249654,Bernard,David,03/06/1967,0121499245,Bernard.David@gmail.com,44,D8,2.99
2010566339453,Nicolas,Romain,15/06/1963,0972785780,Nicolas.Romain@gmail.com,6,G9,8.17
2230910947458,Gilles,Georges,18/05/1944,0890350730,Gilles.Georges@gmail.com,47,B8,8.040000000000001
1190584177014,Cédric,Frédéric,19/08/1918,0873254871,Cédric.Frédéric@gmail.com,39,G6,0.48
1290897390047,Cyril,David,24/01/1949,0597370250,Cyril.David@gmail.com,36,G7,4.86
2190344606251,Jean-Luc,Stéphane,11/10/1909,0635756363,Jean-Luc.Stéphane@gmail.com,44,J9,7.36
2820195396200,Julien,Hervé,12/10/1921,0144548445,Julien.Hervé@gmail.com,77,K7,8.92
2411142863417,Cyril,Jean-Michel,23/07/1923,0940654303,Cyril.Jean-Michel@gmail.com,30,K8,1.3800000000000001
1011248610127,Stéphane,Benjamin,03/03/2007,0431377031,Stéphane.Benjamin@gmail.com,94,H6,4.99
1250791163162,Gilles,Jean-François,21/04/1958,0576795577,Gilles.Jean-François@gmail.com,2,L5,2.32
1711140868887,Pascal,Patrick,17/10/1928,0738018914,Pascal.Patrick@gmail.com,72,E3,3.11
2010401334942,Alexandre,Pascal,20/06/1901,0144934201,Alexandre.Pascal@gmail.com,20,A6,1.85
1141103680326,Alfred,Thierry,07/09/1990,0532834009,Alfred.Thierry@gmail.com,61,F8,1.31
2141221350271,Grégory,Sébastien,14/06/1953,0325678464,Grégory.Sébastien@gmail.com,4,I1,2.6
1360287148270,Denis,Antoine,14/02/1944,0441652719,Denis.Antoine@gmail.com,4,D5,7.57
1010203802735,Patrice,Mathieu,15/05/1986,0139165769,Patrice.Mathieu@gmail.com,13,M6,3.45
2540878602496,Fernand,Yves,07/03/1991,0441973212,Fernand.Yves@gmail.com,29,C9,3.25
1080655600470,Yves,Jean-François,04/02/1981,0799564290,Yves.Jean-François@gmail.com,14,B9,4.72
1031143209677,Benoît,Thomas,10/09/2016,0559105009,Benoît.Thomas@gmail.com,42,I5,8.19
1331024817927,Alexandre,Émile,02/10/2015,0928515320,Alexandre.Émile@gmail.com,70,D7,9.16
1090391057396,André,Joseph,06/11/1943,0243343861,André.Joseph@gmail.com,7,E5,0.8200000000000001
2120566754425,Raoul,François,03/02/1953,0298495969,Raoul.François@gmail.com,44,B8,7.32
2530695607149,Denis,François,15/02/1940,0643529564,Denis.François@gmail.com,84,I5,3.7
2881176228616,Nicolas,Patrick,14/08/1943,0553918109,Nicolas.Patrick@gmail.com,6,J5,1.05
2160545138809,Jérôme,Nicolas,25/08/2019,0230352470,Jérôme.Nicolas@gmail.com,25,G4,5.11
2700797428072,Joseph,Denis,10/04/2015,0447916777,Joseph.Denis@gmail.com,55,H7,6.46
1630150706801,Étienne,Denis,15/10/2015,0698709697,Étienne.Denis@gmail.com,38,M2,2.92
1331227137519,André,Nicolas,28/12/1941,0485307623,André.Nicolas@gmail.com,21,B5,1.85
1550393393293,Paul,Jean,11/06/2017,0399854949,Paul.Jean@gmail.com,31,A1,1.2
2241166961012,Raymond,Romain,06/11/1980,0978288403,Raymond.Romain@gmail.com,52,J4,6.72
2010568729985,Olivier,Maurice,04/04/1903,0485218990,Olivier.Maurice@gmail.com,28,J5,4.88
1501019190973,Antoine,Yves,08/09/1986,0363955183,Antoine.Yves@gmail.com,10,C8,1.85
2871268742805,François,Hervé,15/12/2008,0650970506,François.Hervé@gmail.com,58,K1,0.67
2140616638931,Marie,Étienne,11/02/1927,0916093148,Marie.Étienne@gmail.com,33,D6,4.6000000000000005
1080226985014,Étienne,Nicolas,18/08/2005,0667698725,Étienne.Nicolas@gmail.com,19,N7,0.5700000000000001
2020789494927,Antoine,Michel,27/10/1939,0382228266,Antoine.Michel@gmail.com,30,B5,7.7700000000000005
2620332681874,Marie,Yann,18/12/1984,0664039500,Marie.Yann@gmail.com,76,K3,7.21
1760470037742,Pierre,Gilles,22/07/1944,0615635734,Pierre.Gilles@gmail.com,90,J2,0.13
1280442550539,Michel,Raymond,20/11/1938,0566690349,Michel.Raymond@gmail.com,31,E8,3.33
1141134502081,Philippe,David,13/08/1991,0526085243,Philippe.David@gmail.com,73,E8,3.25
2150146198967,Vincent,Daniel,12/02/1973,0549082995,Vincent.Daniel@gmail.com,66,D2,6.99
2130887830630,Gustave,Alfred,21/04/1925,0145244110,Gustave.Alfred@gmail.com,76,C7,2.14
2091168679119,Frédéric,Yann,19/11/1940,0987563295,Frédéric.Yann@gmail.com,7,H8,7.43
2600256406734,Christophe,Romain,03/03/1991,0284079103,Christophe.Romain@gmail.com,37,K9,8.8
2021180522495,Lionel,Laurent,15/08/1945,0977549461,Lionel.Laurent@gmail.com,90,B9,1.43
1000404505948,Sylvain,Antoine,14/08/2009,0669531845,Sylvain.Antoine@gmail.com,6,G3,9.07
1831201576986,Gilbert,Sébastien,04/11/1947,0911483753,Gilbert.Sébastien@gmail.com,43,E3,0.58
1030817255273,Alexandre,Stéphane,08/06/1952,0222095087,Alexandre.Stéphane@gmail.com,4,B4,1.3800000000000001
2830275912814,Marcel,Étienne,13/01/1917,0587633622,Marcel.Étienne@gmail.com,72,N2,2.25
2270104823020,Jean-Michel,Lionel,10/09/1911,0560637829,Jean-Michel.Lionel@gmail.com,30,M6,7.7700000000000005
2520438587472,Hubert,Antoine,26/05/1946,0990859093,Hubert.Antoine@gmail.com,89,I5,5.8
1320133446163,Denis,Hubert,21/06/1938,0234126920,Denis.Hubert@gmail.com,93,L3,5.03
2971179064266,Daniel,David,21/09/1985,0838252041,Daniel.David@gmail.com,46,J3,5.23
2181184595911,Raoul,Étienne,10/03/1918,0988151689,Raoul.Étienne@gmail.com,16,L5,3.73
2451095344886,Antoine,Albert,10/03/2001,0365256556,Antoine.Albert@gmail.com,62,G6,7.16
2191001788557,Marcel,Lionel,25/08/1922,0596075364,Marcel.Lionel@gmail.com,66,D8,8.9
1520876665713,Nicolas,Fernand,05/04/1954,0519842308,Nicolas.Fernand@gmail.com,71,D8,9.16
2081125046616,Sophie,Olivier,08/02/1938,0710506084,Sophie.Olivier@gmail.com,97,D1,9.14
2651266708570,Julien,Pierre,27/01/2018,0642961445,Julien.Pierre@gmail.com,46,E5,5.21
2200367249068,Alice,Philippe,15/09/1966,0632254909,Alice.Philippe@gmail.com,81,J7,6.78
2230446865656,Éric,Alice,05/01/1975,0427605280,Éric.Alice@gmail.com,68,K4,7.82
1231239695519,Philippe,Henri,03/07/1991,0581539475,Philippe.Henri@gmail.com,59,I3,6.12
2430749275451,Gabriel,Louis,06/12/1957,0184086978,Gabriel.Louis@gmail.com,63,C9,6.69
2250838230415,Édouard,Fabien,23/12/2010,0313535533,Édouard.Fabien@gmail.com,38,N1,2.82
2201203596826,Joseph,Marie,09/05/1973,0958959274,Joseph.Marie@gmail.com,49,C5,0.61
2051115803785,Vincent,Arthur,16/06/1940,0832827083,Vincent.Arthur@gmail.com,64,F7,1.55
2300554886549,Julie,Bertrand,21/08/2011,0247331428,Julie.Bertrand@gmail.com,24,A5,0.22
1500603232807,Vincent,Sylvain,20/12/2006,0515610595,Vincent.Sylvain@gmail.com,30,N1,3.5
1010487163468,Alice,Jean-François,16/12/1959,0130827075,Alice.Jean-François@gmail.com,41,B7,0.96
1841296516429,Jean,Lucie,13/06/1927,0351829158,Jean.Lucie@gmail.com,86,K7,6.38
1461247145188,Marie,Patrice,27/07/1909,0723442280,Marie.Patrice@gmail.com,25,M2,2.49
1140610610261,Damien,Marcel,13/11/1951,0818408726,Damien.Marcel@gmail.com,42,J6,1.84
2030299567763,Marie,Étienne,14/10/1918,0474967626,Marie.Étienne@gmail.com,81,J8,6.2
2190898614373,Arnaud,Joseph,28/01/2008,0855946919,Arnaud.Joseph@gmail.com,91,G2,0.12
1850945320465,Maxime,Pierre,08/08/2022,0639918262,Maxime.Pierre@gmail.com,46,I7,7.69
2220451568491,Fabien,Bernard,07/10/1927,0272290748,Fabien.Bernard@gmail.com,84,D1,3.1
1610182225210,Cédric,Philippe,11/09/1904,0683579298,Cédric.Philippe@gmail.com,53,M6,1.3900000000000001
1350239663321,Émile,Arthur,23/05/1978,0368818793,Émile.Arthur@gmail.com,66,F6,1.47
2820834164725,Grégory,Paul,09/01/1989,0981648109,Grégory.Paul@gmail.com,69,C1,1.05
1050955744061,Alain,Marius,10/12/2005,0217595631,Alain.Marius@gmail.com,10,M2,0.02
2200429550771,Gérard,Hervé,11/06/2012,0341157640,Gérard.Hervé@gmail.com,31,B5,7.95
1150760590205,Gilles,Hervé,04/12/1906,0567006133,Gilles.Hervé@gmail.com,61,E8,0.77
2360740209101,Paul,Pascal,22/11/2013,0946761795,Paul.Pascal@gmail.com,55,B8,5.5600000000000005
2551099633587,Xavier,Alain,01/09/1917,0157680107,Xavier.Alain@gmail.com,94,A7,2.89
1350296469933,Romain,Jean-François,15/10/1997,0519100659,Romain.Jean-François@gmail.com,20,H2,0.99
1711090442779,François,Bertrand,24/01/1973,0690687136,François.Bertrand@gmail.com,60,F1,9.34
1180286936184,Albert,Benoît,22/11/1956,0278761166,Albert.Benoît@gmail.com,85,G6,5.76
1730280315815,Thomas,Benjamin,11/11/1942,0431029269,Thomas.Benjamin@gmail.com,98,E8,6.8100000000000005
2701264395121,Michel,Lionel,04/08/1913,0125821890,Michel.Lionel@gmail.com,44,I3,2.17
2970295267123,David,Julien,06/12/1977,0690785846,David.Julien@gmail.com,24,N5,0.18
2360101847217,Antoine,Sophie,25/06/2015,0151100004,Antoine.Sophie@gmail.com,88,N6,6.92
2331226696697,Sylvain,Auguste,07/06/1931,0127313284,Sylvain.Auguste@gmail.com,51,C8,4.89
1250592205269,Pascal,Jérôme,07/02/1916,0158464478,Pascal.Jérôme@gmail.com,53,I5,3.15
2100450449587,Philippe,Jean,21/07/2004,0440347667,Philippe.Jean@gmail.com,58,L6,7.23
1750538760469,Nicolas,Auguste,25/09/1975,0639552165,Nicolas.Auguste@gmail.com,56,M1,9.58
1780528475854,François,Fernand,11/08/2010,0521273000,François.Fernand@gmail.com,49,M1,8.94
2981270238739,René,Pascal,10/05/2009,0479723162,René.Pascal@gmail.com,51,I2,6.0600000000000005
