Numero_Securite_Sociale,Nom,Prenom,Date_Naissance,Numero_Telephone,E_Mail,ID_Remboursement,Code_Soin,Montant_Remboursement
2450133457847,Yann,Gilbert,22/03/1957,0486551459,Yann.Gilbert@gmail.com,30,H9,5.53
1040963841296,René,Claude,14/09/1906,0172919489,René.Claude@gmail.com,88,A7,4.5
2860121514940,Maxime,Vincent,21/01/1937,0929272712,Maxime.Vincent@gmail.com,9,I6,5.2700000000000005
1160236111026,David,François,19/11/2022,0265047507,David.François@gmail.com,93,B1,2.5100000000000002
1210189214751,François,Jacques,09/01/1961,0748589708,François.Jacques@gmail.com,75,B8,7.6000000000000005
2430213321302,Maxime,Armand,05/06/1955,0752201415,Maxime.Armand@gmail.com,91,F3,9.63
2070981261287,Armand,Hubert,05/10/1991,0283260672,Armand.Hubert@gmail.com,70,I8,8.14
2130356472824,Maxime,Christophe,04/01/1951,0446785195,Maxime.Christophe@gmail.com,28,H6,0.8300000000000001
2971168231595,André,François,01/06/1994,0417159920,André.François@gmail.com,63,F8,5.0
1741068486294,Romain,Cédric,24/06/1905,0622381656,Romain.Cédric@gmail.com,2,G8,2.05
1140580702780,Benjamin,Paul,14/06/1982,0369472780,Benjamin.Paul@gmail.com,63,I1,4.86
1440640204139,Alfred,Henri,05/04/2020,0146846946,Alfred.Henri@gmail.com,67,F7,9.53
2080722359295,Raoul,Philippe,26/01/1964,0762679430,Raoul.Philippe@gmail.com,17,L2,0.53
2151298131074,Auguste,Raoul,15/10/1972,0324680460,Auguste.Raoul@gmail.com,90,B4,6.3100000000000005
1060296915578,Sébastien,Philippe,08/08/1910,0635993669,Sébastien.Philippe@gmail.com,16,E1,0.31
2100405538515,Philippe,Patrick,10/03/2018,0220848991,Philippe.Patrick@gmail.com,50,I2,2.84
2190197299805,Yann,Olivier,19/06/1973,0796506309,Yann.Olivier@gmail.com,85,E7,0.17
1041295417423,Laurent,Olivier,21/10/1901,0657062185,Laurent.Olivier@gmail.com,24,C8,8.86
1691106637647,Emmanuel,François,13/04/2012,0797509375,Emmanuel.François@gmail.com,97,I7,0.15
2100387772541,Patrice,Nicolas,08/01/1936,0578016689,Patrice.Nicolas@gmail.com,34,D7,4.76
1111072211034,David,Emmanuel,04/03/2005,0334326747,David.Emmanuel@gmail.com,42,I3,9.91
1220972219067,Paul,Arnaud,19/08/2004,0977266542,Paul.Arnaud@gmail.com,64,E2,9.3
2830115277081,Lucie,Albert,24/09/2016,0732430425,Lucie.Albert@gmail.com,51,A8,1.62
1760652093839,Alain,Hervé,24/09/1952,0818915192,Alain.Hervé@gmail.com,23,A2,3.06
1890865368381,Mathieu,Olivier,03/03/2015,0653691025,Mathieu.Olivier@gmail.com,94,H5,4.0200000000000005
2970215333993,David,Olivier,18/08/1931,0171080869,David.Olivier@gmail.com,68,H9,6.7700000000000005
1880911179848,Patrice,Albert,24/10/1957,0621057064,Patrice.Albert@gmail.com,86,C8,8.81
2070463437296,Patrice,Michel,16/11/1972,0860423046,Patrice.Michel@gmail.com,65,E7,7.49
1030742618528,Gabriel,Pierre,26/07/1953,0987782231,Gabriel.Pierre@gmail.com,55,E5,8.86
1621150487814,Laurent,Jean-Luc,06/04/1909,0166427355,Laurent.Jean-Luc@gmail.com,55,G7,1.01
1130589195061,Jacques,Pierre,17/07/1902,0781905822,Jacques.Pierre@gmail.com,80,N5,5.5200000000000005
2850782619818,Marc,Maxime,06/10/1935,0317366162,Marc.Maxime@gmail.com,85,E9,4.8
1111172414714,Xavier,Jean-Luc,11/11/2014,0214615145,Xavier.Jean-Luc@gmail.com,11,B8,1.55
2151033887630,Pascal,Gabriel,18/12/2021,0360930566,Pascal.Gabriel@gmail.com,80,B6,3.97
2611172677167,Emmanuel,Philippe,16/04/1903,0681048853,Emmanuel.Philippe@gmail.com,68,L4,5.95
1151176878861,Louis,François,06/09/1951,0351742313,Louis.François@gmail.com,24,G7,8.27
2360402805867,Georges,Alain,23/01/1929,0225005648,Georges.Alain@gmail.com,27,D1,9.9
1561063437011,Frédéric,Laurent,13/06/2013,0998465245,Frédéric.Laurent@gmail.com,98,B6,4.23
1310710604945,Lucien,Marius,02/01/1906,0563006018,Lucien.Marius@gmail.com,46,F5,9.67
2170793177354,Marcel,Laurent,23/09/1992,0224413856,Marcel.Laurent@gmail.com,28,A5,1.48
1020630341335,Jean,Jérôme,03/03/1998,0871347169,Jean.Jérôme@gmail.com,88,E9,9.01
1430135850024,Grégory,Bernard,22/10/1957,0647649049,Grégory.Bernard@gmail.com,54,F5,2.27
1970471487017,Sébastien,Maxime,25/12/1971,0238354078,Sébastien.Maxime@gmail.com,65,B9,1.01
2000353456121,Charles,Claude,25/04/1918,0925803490,Charles.Claude@gmail.com,11,F2,0.9400000000000001
1781179013333,Sébastien,Pierre,26/11/1979,0415335943,Sébastien.Pierre@gmail.com,23,B3,5.94
2160161893503,Nicolas,Pierre,19/03/1931,0919105171,Nicolas.Pierre@gmail.com,77,I8,3.36
2790892067902,Patrice,Benoît,02/02/1953,0346284297,Patrice.Benoît@gmail.com,32,D1,2.19
1391239084542,Philippe,Christian,13/07/1967,0434892471,Philippe.Christian@gmail.com,94,J9,8.07
1510559649238,Cyril,Grégory,05/10/1932,0374315475,Cyril.Grégory@gmail.com,42,K7,2.16
2690783122396,Patrice,Jean,07/03/1996,0395914027,Patrice.Jean@gmail.com,25,B2,6.16
2080169645790,Alexandre,Marcel,11/02/1968,0335432950,Alexandre.Marcel@gmail.com,38,A3,5.5600000000000005
1760652864602,Bertrand,Sophie,20/12/1978,0394488424,Bertrand.Sophie@gmail.com,48,D1,9.450000000000001
2590211773780,Patrick,Fernand,03/09/2012,0895460500,Patrick.Fernand@gmail.com,72,C8,8.64
1770531468412,Hervé,Marc,06/09/1984,0326410447,Hervé.Marc@gmail.com,97,D1,4.64
1910568459174,Claude,Grégory,05/04/1968,0660302567,Claude.Grégory@gmail.com,10,M2,7.140000000000001
1340155300717,Étienne,Émile,05/11/1923,0731421082,Étienne.Émile@gmail.com,72,J9,7.63
2161053783502,David,Arnaud,12/10/2015,0219690114,David.Arnaud@gmail.com,68,A6,3.74
1220479572500,Michel,Noël,24/11/1910,0491509513,Michel.Noël@gmail.com,60,M3,8.0
2120486204872,Hervé,Jérôme,15/06/1949,0632776960,Hervé.Jérôme@gmail.com,13,J2,6.25
2011086687453,Sébastien,Laurent,21/03/1968,0880879778,Sébastien.Laurent@gmail.com,73,N3,4.11
1681296650070,Bertrand,Charles,14/05/1902,0892828655,Bertrand.Charles@gmail.com,17,J5,0.72
2351077198190,Pierre,Bernard,07/04/1913,0622668545,Pierre.Bernard@gmail.com,84,J3,4.18
2851185666149,Paul,Sébastien,02/05/2019,0759366228,Paul.Sébastien@gmail.com,100,B4,3.66
1000851413774,Bertrand,Paul,26/09/2011,0951821735,Bertrand.Paul@gmail.com,26,L1,0.05
2071269866241,David,Yann,12/11/1922,0654313263,David.Yann@gmail.com,22,H3,9.790000000000001
2190183567897,Jérôme,Nicolas,09/06/1909,0851183890,Jérôme.Nicolas@gmail.com,92,A6,1.37
1100208763505,Maxime,Gustave,19/11/1933,0138704155,Maxime.Gustave@gmail.com,91,M3,4.33
2180901931281,Nicolas,Raoul,04/10/1993,0126808452,Nicolas.Raoul@gmail.com,67,A3,4.51
2400993209214,Éric,Fernand,17/02/1909,0270134532,Éric.Fernand@gmail.com,32,E7,4.68
2990988237812,Noël,Pascal,27/01/2000,0282376094,Noël.Pascal@gmail.com,39,A4,0.15
1200556820773,Laurent,Alain,11/09/1921,0126695792,Laurent.Alain@gmail.com,100,H7,0.6
1170573923359,Frédéric,Xavier,01/10/1968,0512924072,Frédéric.Xavier@gmail.com,11,L9,9.3
2420305528752,Christian,Pascal,07/07/1940,0515902048,Christian.Pascal@gmail.com,56,H5,9.27
1021015748732,Raoul,Étienne,08/06/1907,0674788195,Raoul.Étienne@gmail.com,60,M2,1.86
2830127534511,Emmanuel,Benjamin,21/11/1930,0850271099,Emmanuel.Benjamin@gmail.com,12,A8,2.69
2310896131051,Jean,Vincent,24/02/1960,0124061957,Jean.Vincent@gmail.com,16,B2,0.6900000000000001
1700518532550,Jacques,Gilbert,04/05/1967,0938283614,Jacques.Gilbert@gmail.com,53,N6,2.65
1810424179808,Thierry,Fabien,16/12/2020,0113845821,Thierry.Fabien@gmail.com,14,N5,0.05
2590498124821,Jacques,Jean-Michel,12/07/1968,0642505569,Jacques.Jean-Michel@gmail.com,7,F8,9.72
1061064749057,Benjamin,Guillaume,03/03/1979,0140159157,Benjamin.Guillaume@gmail.com,53,M4,8.97
1790855402528,René,Frédéric,26/06/1945,0378909926,René.Frédéric@gmail.com,82,L3,4.14
2020210635640,Lucie,Gérard,22/05/1930,0748883639,Lucie.Gérard@gmail.com,53,K9,1.59
1400896784183,Pierre,Marc,16/03/1950,0255585307,Pierre.Marc@gmail.com,63,F9,5.94
1950860635162,Vincent,Étienne,09/01/2004,0153572336,Vincent.Étienne@gmail.com,71,B9,8.97
1920597502834,Damien,Nicolas,12/09/2015,0122057736,Damien.Nicolas@gmail.com,41,E2,1.7
2041277844527,David,Philippe,05/11/1983,0542571401,David.Philippe@gmail.com,77,L7,7.58
2590560212314,Xavier,Hervé,12/09/1905,0999199467,Xavier.Hervé@gmail.com,64,F8,3.35
1750280144104,Raymond,David,24/05/1921,0241035075,Raymond.David@gmail.com,38,D7,8.290000000000001
1050174389320,Pierre,Albert,02/01/1980,0888068317,Pierre.Albert@gmail.com,33,K8,1.94
2110489035578,Marie,Armand,24/01/1922,0781374280,Marie.Armand@gmail.com,4,G9,3.89
1910217642796,Pierre,André,28/05/1981,0775617178,Pierre.André@gmail.com,48,C9,9.65
2000975122005,Yves,Nicolas,02/06/1929,0685353057,Yves.Nicolas@gmail.com,42,L2,4.79
1711167862780,Sébastien,Denis,26/06/1960,0950868291,Sébastien.Denis@gmail.com,75,C8,0.08
2250278118121,Patrick,Vincent,27/10/1983,0895558777,Patrick.Vincent@gmail.com,38,F2,2.17
1100516854825,Hubert,Sylvain,01/01/2022,0478275541,Hubert.Sylvain@gmail.com,12,G4,3.87
2231038195716,Philippe,Paul,02/06/1949,0539007580,Philippe.Paul@gmail.com,82,B3,7.22
2080437271220,Thomas,Frédéric,23/05/1939,0623559816,Thomas.Frédéric@gmail.com,12,H9,5.13
2400428394386,Christophe,Michel,18/12/1992,0254761387,Christophe.Michel@gmail.com,12,E4,4.82
1380938928184,Cyril,Mathieu,18/06/1990,0554847203,Cyril.Mathieu@gmail.com,23,D1,3.98
1170974556937,Frédéric,Pierre,16/07/1910,0952054919,Frédéric.Pierre@gmail.com,59,E5,8.21
2290213411579,Marie,Antoine,15/07/1947,0290969346,Marie.Antoine@gmail.com,32,I8,5.48
2160501189625,David,Maxime,05/08/2009,0357766632,David.Maxime@gmail.com,23,D4,4.89
1020396601786,Stéphane,Émile,25/09/1960,0483276487,Stéphane.Émile@gmail.com,92,G1,6.18
2570276629980,Gilles,Claude,16/02/1963,0575916826,Gilles.Claude@gmail.com,57,M1,8.88
2200227447861,Hubert,Louis,01/05/1925,0728714965,Hubert.Louis@gmail.com,48,E9,8.91
1340319448589,Édouard,Jean-François,14/08/2023,0144522030,Édouard.Jean-François@gmail.com,17,K9,9.73
1311298988888,Gustave,Nicolas,08/09/2009,0767702696,Gustave.Nicolas@gmail.com,99,L1,3.75
2900792960005,Claude,Alexandre,12/12/1991,0848559006,Claude.Alexandre@gmail.com,9,H2,2.5
2720213779666,Daniel,Daniel,07/03/1992,0978183199,Daniel.Daniel@gmail.com,7,H6,6.59
2680664184016,Marcel,Pierre,28/12/1976,0433422537,Marcel.Pierre@gmail.com,32,K6,7.86
2300715874549,Pascal,Pascal,28/09/1992,0123474990,Pascal.Pascal@gmail.com,52,N5,6.8500000000000005
2830133679299,Daniel,Alice,04/11/1939,0220025497,Daniel.Alice@gmail.com,64,J1,9.51
1401104044554,Albert,Nicolas,14/05/2008,0925672487,Albert.Nicolas@gmail.com,2,G8,4.29
1151013150188,Paul,Albert,11/02/2000,0831852089,Paul.Albert@gmail.com,89,M8,2.97
1180598081403,Antoine,Guillaume,28/10/1978,0941202996,Antoine.Guillaume@gmail.com,42,F5,5.7
1720891686272,Gilles,Raymond,27/03/1984,0682764617,Gilles.Raymond@gmail.com,2,A1,0.64
2030497932544,Fernand,Denis,20/03/1988,0338096756,Fernand.Denis@gmail.com,2,H8,8.41
2931213974387,David,René,08/06/1974,0675388716,David.René@gmail.com,89,M5,0.5700000000000001
1310944905921,Jérôme,Bernard,06/03/1963,0185966813,Jérôme.Bernard@gmail.com,77,F7,9.86
2081147836001,Jean-Michel,Éric,18/01/1966,0575285787,Jean-Michel.Éric@gmail.com,58,G1,6.16
1260359883209,Denis,Olivier,16/10/1903,0152593173,Denis.Olivier@gmail.com,60,C7,0.29
1030191117447,Marcel,Jacques,27/07/2018,0713629215,Marcel.Jacques@gmail.com,9,I6,8.16
2201131590461,Pascal,François,24/01/1975,0283681740,Pascal.François@gmail.com,46,J5,8.64
1170269099925,Alexandre,Christian,22/06/1956,0243824480,Alexandre.Christian@gmail.com,46,M3,2.21
1050452717153,Arnaud,Vincent,12/06/1918,0731289530,Arnaud.Vincent@gmail.com,1,D7,2.63
2430663073601,Jacques,Mathieu,07/12/1979,0383417274,Jacques.Mathieu@gmail.com,71,N5,8.07
2500446322465,Laurent,Vincent,22/12/1961,0263738442,Laurent.Vincent@gmail.com,85,L3,9.71
2480347078672,Armand,Marcel,15/09/1965,0584461256,Armand.Marcel@gmail.com,22,N3,1.45
2691165531940,Éric,Marie,11/06/1972,0895679830,Éric.Marie@gmail.com,62,N8,5.3
2060851261392,Gilles,Benoît,11/04/1974,0978632454,Gilles.Benoît@gmail.com,48,H4,8.5
1831056976789,Jean-Pierre,Xavier,18/02/1906,0578480140,Jean-Pierre.Xavier@gmail.com,81,M4,0.92
2930919111979,Thierry,Lucien,24/06/1935,0964486831,Thierry.Lucien@gmail.com,48,L6,2.68
1180280959119,Émile,Marie,26/04/1918,0536018698,Émile.Marie@gmail.com,97,B7,3.94
2461050568888,Damien,Alice,09/11/1968,0951915599,Damien.Alice@gmail.com,70,C9,3.3000000000000003
2301040997634,Renaud,Michel,13/06/1940,0513180963,Renaud.Michel@gmail.com,45,E3,3.91
1270457386960,Gilbert,Benoît,02/06/1938,0229040164,Gilbert.Benoît@gmail.com,48,N4,2.66
2520949927186,Patrice,Philippe,06/07/1995,0220427102,Patrice.Philippe@gmail.com,32,K4,5.71
1360356290174,Olivier,François,11/01/1933,0181972372,Olivier.François@gmail.com,56,C2,8.74
2471079852470,Mathieu,Alfred,14/07/1935,0431679188,Mathieu.Alfred@gmail.com,46,F8,3.61
1530604628275,Benjamin,Noël,20/11/1985,0691851578,Benjamin.Noël@gmail.com,93,A4,9.78
1791106612799,Armand,Jean-François,26/11/1969,0981177023,Armand.Jean-François@gmail.com,22,I7,5.92
1250125220884,Jean-Pierre,Bernard,14/09/1976,0268333349,Jean-Pierre.Bernard@gmail.com,88,C3,7.03
1390264305768,Mathieu,Pierre,25/11/1950,0150794729,Mathieu.Pierre@gmail.com,69,J6,9.34
2130589109275,Frédéric,Jean-Pierre,23/02/2010,0913303373,Frédéric.Jean-Pierre@gmail.com,66,M8,2.34
1931013697243,Yann,Lucien,23/12/1996,0734460326,Yann.Lucien@gmail.com,91,E9,4.57
1120757061065,Marcel,Charles,02/02/1913,0222842704,Marcel.Charles@gmail.com,100,J4,3.46
2400402687772,Julie,Albert,16/02/1945,0846721948,Julie.Albert@gmail.com,40,G7,7.140000000000001
1431192820850,Gilbert,Paul,18/02/1945,0840888099,Gilbert.Paul@gmail.com,3,B1,0.6900000000000001
2220504564109,Claude,Sébastien,22/09/1940,0572438643,Claude.Sébastien@gmail.com,1,H9,5.73
1340153267151,Frédéric,Pierre,21/08/1900,0371720206,Frédéric.Pierre@gmail.com,77,K7,2.6
1081210979336,Albert,Arnaud,02/02/1966,0146162894,Albert.Arnaud@gmail.com,7,J6,0.53
1840812028608,Marcel,Michel,12/01/1963,0982847948,Marcel.Michel@gmail.com,5,B7,7.640000000000001
1740901206532,Jean-François,David,01/04/1911,0973833711,Jean-François.David@gmail.com,73,E1,5.8100000000000005
1220469410044,Michel,Noël,26/07/1916,0323149940,Michel.Noël@gmail.com,34,E6,1.72
2331254389166,Émile,Denis,18/01/1993,0134154076,Émile.Denis@gmail.com,7,B5,8.120000000000001
2720265224230,Nicolas,Raoul,17/03/1921,0598073466,Nicolas.Raoul@gmail.com,7,L8,4.46
1570933838884,Michel,Frédéric,25/04/1904,0525268772,Michel.Frédéric@gmail.com,51,H3,6.24
1600802406274,Vincent,Édouard,09/01/1956,0746676571,Vincent.Édouard@gmail.com,58,K4,5.45
1070113526740,Hubert,Lionel,05/08/1961,0212438202,Hubert.Lionel@gmail.com,62,K8,9.0
1300829266025,Édouard,André,27/09/1962,0939158163,Édouard.André@gmail.com,17,L4,2.7800000000000002
2441227857333,François,Benoît,02/10/1911,0332560042,François.Benoît@gmail.com,84,J7,0.04
2180965665220,Fabien,Gabriel,14/07/1950,0628772443,Fabien.Gabriel@gmail.com,38,N3,4.65
2680884999141,Jérôme,Maxime,15/09/2020,0246710498,Jérôme.Maxime@gmail.com,16,M9,6.43
1420440288156,Benjamin,Cédric,04/05/2016,0560860128,Benjamin.Cédric@gmail.com,34,H9,8.77
1110861424222,Romain,Cyril,28/07/1969,0420426487,Romain.Cyril@gmail.com,61,N1,7.57
2230491144049,Jean-Michel,Marc,27/02/1912,0649097726,Jean-Michel.Marc@gmail.com,98,D3,2.2
2610274051997,Philippe,Vincent,26/12/1921,0961006850,Philippe.Vincent@gmail.com,64,N1,3.2600000000000002
1200145312944,Émile,Gérard,20/08/1972,0765486698,Émile.Gérard@gmail.com,15,D1,8.19
1720445434725,Alain,Romain,12/02/1990,0261616301,Alain.Romain@gmail.com,91,I3,7.29
1570733240001,Émile,Daniel,02/03/2010,0311897254,Émile.Daniel@gmail.com,1,G7,4.8
2010711938239,Georges,Louis,14/03/1941,0840307151,Georges.Louis@gmail.com,38,D2,0.9400000000000001
2920293132550,Jacques,André,05/04/1970,0221860531,Jacques.André@gmail.com,48,A7,2.2600000000000002
2360603024855,Patrice,Pascal,18/06/1943,0810074893,Patrice.Pascal@gmail.com,48,N8,6.67
2520894695198,Philippe,Denis,25/01/1936,0880779789,Philippe.Denis@gmail.com,69,K8,0.14
1400416179619,Olivier,François,08/09/2015,0443726056,Olivier.François@gmail.com,73,I3,0.1
2151047434273,Philippe,Stéphane,12/03/1989,0196346538,Philippe.Stéphane@gmail.com,48,E8,1.77
2120353402048,René,Auguste,02/11/1902,0340243254,René.Auguste@gmail.com,16,N6,5.23
1040594984709,Olivier,Romain,28/11/2003,0431984351,Olivier.Romain@gmail.com,10,E3,7.2700000000000005
1161135902643,Cédric,Pierre,18/10/1971,0871839753,Cédric.Pierre@gmail.com,90,B8,4.82
1091064262645,Hubert,Frédéric,08/10/1950,0374669564,Hubert.Frédéric@gmail.com,23,A8,4.84
1200459119397,Thierry,Olivier,02/09/2014,0516038653,Thierry.Olivier@gmail.com,77,C3,8.28
2060565061943,Fernand,Antoine,23/12/1964,0376841817,Fernand.Antoine@gmail.com,67,B6,5.78
2030771361137,Alexandre,Auguste,05/01/2017,0911319753,Alexandre.Auguste@gmail.com,16,F5,4.44
1040680787409,Pierre,David,09/02/1982,0718961450,Pierre.David@gmail.com,55,F8,4.42
1200168701830,Pascal,Henri,23/01/1951,0858399731,Pascal.Henri@gmail.com,34,E1,9.85
1591250663536,Stéphane,Sophie,07/12/2006,0188799718,Stéphane.Sophie@gmail.com,99,F2,1.1400000000000001
2160172613227,Arnaud,Christian,15/12/1945,0878226950,Arnaud.Christian@gmail.com,23,H1,7.55
1060410478009,Olivier,Bertrand,24/09/1968,0579580685,Olivier.Bertrand@gmail.com,75,M1,4.01
2300761852966,Jérôme,Pascal,18/12/1906,0173615512,Jérôme.Pascal@gmail.com,42,A1,3.04
1190676209563,Yves,Jean-Pierre,14/08/1922,0510266925,Yves.Jean-Pierre@gmail.com,56,K9,8.69
1240130031466,Jean-Luc,Fernand,26/06/1914,0990204452,Jean-Luc.Fernand@gmail.com,59,J3,6.46
1141203729905,Yann,Alice,26/08/2018,0619810188,Yann.Alice@gmail.com,53,M7,8.07
2491055543861,Daniel,Frédéric,24/04/1999,0220963562,Daniel.Frédéric@gmail.com,41,N2,2.38
1070801990485,André,Olivier,11/10/1981,0832611456,André.Olivier@gmail.com,86,E6,6.890000000000001
2771057086124,Gilbert,Xavier,09/06/1939,0498843855,Gilbert.Xavier@gmail.com,3,D5,8.71
1130915593015,Noël,Maxime,23/02/1955,0417610566,Noël.Maxime@gmail.com,64,D8,5.69
2730397508444,Bertrand,Guillaume,15/04/2001,0123564620,Bertrand.Guillaume@gmail.com,12,D3,1.27
2980744465886,Alfred,Raoul,09/07/2015,0681316354,Alfred.Raoul@gmail.com,49,E4,3.85
2521180721147,Charles,Stéphane,02/07/1927,0490826309,Charles.Stéphane@gmail.com,56,F6,9.08
2150606638900,Julie,Mathieu,08/03/1924,0262650604,Julie.Mathieu@gmail.com,76,L5,2.94
1940573601411,Étienne,Jean-Pierre,24/08/1933,0688243674,Étienne.Jean-Pierre@gmail.com,63,G5,8.83
1230415991840,Marc,Jean-Michel,13/03/1973,0767498924,Marc.Jean-Michel@gmail.com,43,L3,0.12
2170973539691,Paul,Sébastien,21/05/2006,0224042305,Paul.Sébastien@gmail.com,46,G2,6.96
2940756515997,Mathieu,Nicolas,18/06/1924,0738672092,Mathieu.Nicolas@gmail.com,44,E1,2.13
2220895779583,Jérôme,Olivier,18/10/1998,0837688992,Jérôme.Olivier@gmail.com,70,A7,4.88
1831158408115,Vincent,Charles,22/02/1990,0260223833,Vincent.Charles@gmail.com,10,J1,1.56
1210160709323,Julien,Alexandre,28/01/1909,0951249157,Julien.Alexandre@gmail.com,14,B4,3.7800000000000002
1020478796127,Sébastien,André,18/08/1919,0824388500,Sébastien.André@gmail.com,56,H6,8.08
1820911169002,Olivier,Henri,03/05/2006,0614468457,Olivier.Henri@gmail.com,22,M2,8.18
2040470226667,Emmanuel,Gustave,13/01/1929,0871299300,Emmanuel.Gustave@gmail.com,17,B3,2.61
2931155085951,Paul,Nicolas,14/07/1975,0997272601,Paul.Nicolas@gmail.com,80,H7,1.49
1060141462676,Sébastien,François,15/02/1912,0574241947,Sébastien.François@gmail.com,55,A5,5.65
2890887245935,Alexandre,Michel,11/07/1945,0771194342,Alexandre.Michel@gmail.com,49,D9,1.3
2131077045382,Étienne,Albert,08/10/1939,0189230606,Étienne.Albert@gmail.com,50,B8,3.22
1590135521323,Maxime,Grégory,06/07/1922,0666528252,Maxime.Grégory@gmail.com,69,K2,4.9
1140121586133,Georges,Fabien,02/01/1950,0950641334,Georges.Fabien@gmail.com,27,H3,6.44
2821140235129,Gérard,Laurent,15/10/2005,0671082642,Gérard.Laurent@gmail.com,77,L7,7.68
2620216334519,Fabien,Patrice,10/11/1923,0191875508,Fabien.Patrice@gmail.com,89,M4,6.82
2040958342926,Jean,Fabien,08/05/1912,0680499886,Jean.Fabien@gmail.com,62,A1,1.6300000000000001
1260711148161,Jean-Pierre,Fernand,07/05/1976,0645713672,Jean-Pierre.Fernand@gmail.com,14,K7,1.79
2461033119146,Patrice,Laurent,21/05/2010,0248573926,Patrice.Laurent@gmail.com,51,A3,5.17
1030913110555,François,David,17/03/1907,0460026777,François.David@gmail.com,27,N7,9.38
2810809372129,Hubert,David,17/06/1968,0317666312,Hubert.David@gmail.com,24,G6,0.8300000000000001
2880517835630,Sylvain,Frédéric,14/05/1991,0789056514,Sylvain.Frédéric@gmail.com,74,H2,5.47
2301019306200,Julien,Éric,13/05/1905,0172445265,Julien.Éric@gmail.com,59,F1,8.64
1270826545531,Gérard,Christian,14/02/1903,0546225321,Gérard.Christian@gmail.com,45,E3,5.34
2900681579698,Henri,François,02/07/2017,0954471127,Henri.François@gmail.com,58,L2,0.53
2050931504494,Damien,Benjamin,19/07/1999,0744499715,Damien.Benjamin@gmail.com,83,G4,9.77
1100754004027,Marcel,Sylvain,13/07/1957,0672091408,Marcel.Sylvain@gmail.com,53,C3,8.75
1861040909187,Olivier,Sébastien,03/03/1943,0845762135,Olivier.Sébastien@gmail.com,33,A5,0.12
1150728041514,Hervé,Paul,17/08/1953,0929721828,Hervé.Paul@gmail.com,46,E3,5.98
1021206422405,Christophe,Maxime,03/02/1964,0962565263,Christophe.Maxime@gmail.com,82,L5,8.42
1870295391350,Marie,Olivier,01/06/1911,0631010905,Marie.Olivier@gmail.com,32,C2,3.98
2210436270236,François,Patrice,05/09/1984,0530987231,François.Patrice@gmail.com,56,B9,8.64
1631056009729,Sophie,Paul,25/02/1991,0288174242,Sophie.Paul@gmail.com,13,F6,0.67
1401221668548,Grégory,David,08/01/1974,0328259984,Grégory.David@gmail.com,36,B9,6.97
2381089302781,Philippe,André,27/07/1993,0827832587,Philippe.André@gmail.com,59,C8,7.55
1070961150389,Pierre,Patrick,05/06/2010,0612325213,Pierre.Patrick@gmail.com,9,D8,8.05
2990994487347,Yann,Pascal,24/07/1971,0131143762,Yann.Pascal@gmail.com,90,D1,7.53
2331183637631,François,Jacques,14/07/1974,0833661019,François.Jacques@gmail.com,71,E7,7.7
2130878855153,Hubert,Antoine,06/06/2008,0460156371,Hubert.Antoine@gmail.com,2,C8,1.72
1120279895256,Nicolas,Paul,19/02/1913,0586420746,Nicolas.Paul@gmail.com,74,H9,4.82
2970130080106,Antoine,Renaud,23/02/1943,0671998512,Antoine.Renaud@gmail.com,99,B4,1.87
2710862732978,Laurent,Jean-Michel,27/05/1906,0140174416,Laurent.Jean-Michel@gmail.com,85,D1,0.33
2670380628230,Étienne,Michel,02/09/2012,0718409652,Étienne.Michel@gmail.com,64,F8,8.370000000000001
1070336211361,Olivier,Guillaume,16/12/1994,0913047732,Olivier.Guillaume@gmail.com,8,K7,9.46
1320874880031,Julien,Lucie,18/09/1994,0777659081,Julien.Lucie@gmail.com,72,K8,2.23
2530293963316,Yves,Renaud,11/11/1982,0483613597,Yves.Renaud@gmail.com,61,E2,8.48
1011180968140,Stéphane,Sylvain,14/07/1969,0446158295,Stéphane.Sylvain@gmail.com,58,D9,6.78
1191033002410,Maxime,Hervé,21/04/1998,0510079232,Maxime.Hervé@gmail.com,44,G2,8.17
1320879937637,Jean-Pierre,Émile,02/11/1992,0214802040,Jean-Pierre.Émile@gmail.com,90,B6,7.08
2760703184756,Armand,Étienne,02/02/1921,0559700840,Armand.Étienne@gmail.com,89,B2,5.98
1180837753332,Hervé,Pierre,14/04/1990,0946542197,Hervé.Pierre@gmail.com,21,N2,7.55
1540445770234,Lionel,Jean-François,01/07/1942,0649590103,Lionel.Jean-François@gmail.com,2,D7,7.92
1161216396007,Maxime,Jean,12/05/2008,0832826819,Maxime.Jean@gmail.com,79,L7,0.7000000000000001
2161056247515,Bernard,Patrice,15/09/2014,0938967497,Bernard.Patrice@gmail.com,71,H8,3.37
2970568981324,Philippe,Laurent,10/10/1949,0152225917,Philippe.Laurent@gmail.com,49,M9,5.54
2220523599636,Benoît,Philippe,10/05/1971,0631617742,Benoît.Philippe@gmail.com,40,D8,2.46
1050525544417,Jacques,Sylvain,02/03/1914,0587865967,Jacques.Sylvain@gmail.com,91,A2,2.57
2730755698364,Michel,Yann,18/04/1923,0598053478,Michel.Yann@gmail.com,54,M9,8.76
1671192237507,Jean-Luc,Xavier,26/02/1948,0556686977,Jean-Luc.Xavier@gmail.com,44,L5,4.65
2171202009829,Olivier,Frédéric,05/09/2017,0831221092,Olivier.Frédéric@gmail.com,6,N5,7.390000000000001
1420729998193,Arthur,Jacques,22/04/2010,0247722437,Arthur.Jacques@gmail.com,57,N3,1.11
1180141513459,André,Hubert,27/12/1979,0494539902,André.Hubert@gmail.com,2,F9,5.98
1080293279019,Alice,Pascal,11/06/1960,0534991343,Alice.Pascal@gmail.com,43,H2,1.27
1760936369033,Sophie,Alain,22/10/1940,0742373497,Sophie.Alain@gmail.com,77,G9,2.82
2280909589280,Thomas,Sébastien,16/09/1997,0849218951,Thomas.Sébastien@gmail.com,98,H5,1.97
2150234516399,Sophie,Pierre,21/02/1997,0669791376,Sophie.Pierre@gmail.com,52,F8,9.69
1540934069521,Henri,Pascal,13/08/1952,0111728524,Henri.Pascal@gmail.com,50,H1,6.84
1640546537013,Pierre,Arnaud,13/11/1929,0463770119,Pierre.Arnaud@gmail.com,97,L5,8.040000000000001
1171030430906,Thierry,Éric,19/04/1925,0762018758,Thierry.Éric@gmail.com,83,B7,3.56
1670125602229,Renaud,Patrice,10/01/1914,0238665962,Renaud.Patrice@gmail.com,11,M6,5.8
2180910886738,Fabien,Émile,24/01/1976,0429801726,Fabien.Émile@gmail.com,76,D1,5.8100000000000005
1381046902284,Sylvain,Arnaud,17/11/1914,0932053341,Sylvain.Arnaud@gmail.com,40,D2,4.29
2201203661213,Marcel,Pascal,08/02/1942,0945834309,Marcel.Pascal@gmail.com,28,D8,7.86
2890276214823,Yann,Olivier,26/12/1928,0677378252,Yann.Olivier@gmail.com,35,G5,0.9400000000000001
2500751463163,Raymond,Étienne,05/02/2007,0188772674,Raymond.Étienne@gmail.com,79,D3,9.35
1031259101727,Jérôme,Sophie,13/01/1934,0598081065,Jérôme.Sophie@gmail.com,62,H8,6.61
2560380016181,Alain,Jean-François,08/06/1921,0318847108,Alain.Jean-François@gmail.com,11,G7,5.97
1850123228432,Antoine,Olivier,24/10/1971,0417560951,Antoine.Olivier@gmail.com,100,D4,9.92
1231033780081,Cédric,Thomas,11/12/1988,0499256539,Cédric.Thomas@gmail.com,47,G6,9.38
2640817278239,Xavier,Denis,09/10/1975,0211036187,Xavier.Denis@gmail.com,5,C1,7.38
2881075259187,Émile,André,16/09/1920,0459693930,Émile.André@gmail.com,61,F9,2.15
2590710665586,Denis,Christophe,24/07/1918,0793624832,Denis.Christophe@gmail.com,22,N3,0.15
2770515773919,Maxime,Laurent,25/01/1907,0812350023,Maxime.Laurent@gmail.com,54,B7,1.03
2400232207546,Pierre,Alain,10/05/1985,0469061957,Pierre.Alain@gmail.com,6,J1,2.79
2231133267336,Jean-Michel,Nicolas,23/01/1927,0430759653,Jean-Michel.Nicolas@gmail.com,80,H1,2.99
1780302474798,Éric,Denis,11/09/1981,0873243016,Éric.Denis@gmail.com,26,M7,1.53
1750838814627,Jérôme,Lucie,09/09/1993,0620973377,Jérôme.Lucie@gmail.com,35,C9,6.1000000000000005
2540675155368,Antoine,Benoît,04/02/1934,0950493517,Antoine.Benoît@gmail.com,29,M2,4.24
1090816278725,Édouard,Olivier,05/07/2008,0215170288,Édouard.Olivier@gmail.com,89,D8,1.3800000000000001
2500650827409,Cyril,Pierre,13/04/1990,0196569014,Cyril.Pierre@gmail.com,36,D3,1.28
2870154912008,Yann,Pierre,08/12/1986,0979049162,Yann.Pierre@gmail.com,4,K8,8.47
1480699829891,Alexandre,Nicolas,19/11/1989,0281773985,Alexandre.Nicolas@gmail.com,36,J4,6.95
2490954569576,Albert,Antoine,05/01/1986,0636402427,Albert.Antoine@gmail.com,4,M6,8.97
2040807253227,Étienne,Armand,04/12/1946,0943653958,Étienne.Armand@gmail.com,99,M3,8.08
2981022902417,Émile,Jacques,17/02/1944,0636292068,Émile.Jacques@gmail.com,86,F3,6.19
1000335083720,Renaud,Arthur,14/06/1922,0790048730,Renaud.Arthur@gmail.com,10,H8,3.24
2700735527021,Nicolas,Pascal,27/07/1904,0353865952,Nicolas.Pascal@gmail.com,63,D3,0.01
1360695868365,Patrick,Lionel,27/11/2002,0883708885,Patrick.Lionel@gmail.com,30,L2,8.97
2100794471902,Armand,Grégory,22/12/1946,0929343921,Armand.Grégory@gmail.com,67,I5,3.2800000000000002
2400546624672,Christophe,Jean,14/12/2009,0511375196,Christophe.Jean@gmail.com,58,G9,0.54
1720420308065,Alain,Patrick,23/09/1997,0980591651,Alain.Patrick@gmail.com,67,G7,7.82
2230684149153,Christophe,Alexandre,23/05/1912,0531200904,Christophe.Alexandre@gmail.com,24,B2,0.68
1230714231006,Étienne,Arthur,02/06/1900,0818387658,Étienne.Arthur@gmail.com,33,B7,0.15
1740173954059,Thomas,Yann,15/05/1910,0421084373,Thomas.Yann@gmail.com,90,K2,1.18
2040112231507,Hervé,Cédric,17/01/2014,0324016952,Hervé.Cédric@gmail.com,13,A1,7.43
1061210381753,Alexandre,Alice,08/08/2008,0594067266,Alexandre.Alice@gmail.com,23,A1,5.26
1930452038556,Maurice,Lionel,04/09/1992,0645664717,Maurice.Lionel@gmail.com,41,E4,9.05
2391087508218,Cyril,Yann,24/09/1988,0185284764,Cyril.Yann@gmail.com,9,M8,9.25
2870214452873,David,Jean,21/03/1944,0966325642,David.Jean@gmail.com,80,B7,8.91
2231112415584,Alain,Bertrand,15/08/1935,0128484952,Alain.Bertrand@gmail.com,92,F3,1.44
2241088362326,Armand,Henri,24/08/1988,0369022135,Armand.Henri@gmail.com,4,N6,1.1400000000000001
2660335097379,Bernard,Jean-Michel,08/05/1908,0889182898,Bernard.Jean-Michel@gmail.com,17,I1,9.17
2120313663503,Fabien,Patrice,26/05/1944,0988498339,Fabien.Patrice@gmail.com,52,I9,6.24
2050520925781,Alfred,Denis,20/06/1912,0956436734,Alfred.Denis@gmail.com,16,K1,8.92
2181073641720,Vincent,Jean,11/11/2017,0458540996,Vincent.Jean@gmail.com,28,J6,6.66
1120504887519,Gérard,Raymond,26/08/1921,0235846130,Gérard.Raymond@gmail.com,83,I2,0.6
1550621458828,Denis,Albert,13/01/1944,0146536469,Denis.Albert@gmail.com,75,N3,3.65
2160459163172,Daniel,Jacques,20/05/2019,0541318547,Daniel.Jacques@gmail.com,85,N4,5.55
1381299780077,Julien,Charles,17/09/1938,0291661237,Julien.Charles@gmail.com,53,J9,7.72
1191144851748,Pascal,Émile,03/01/1911,0484310640,Pascal.Émile@gmail.com,52,M2,8.68
1211140526314,Stéphane,Pascal,24/09/1987,0381341641,Stéphane.Pascal@gmail.com,73,G1,2.92
1450849826333,Sophie,Benoît,14/07/2022,0518866013,Sophie.Benoît@gmail.com,24,J3,1.53
1811210291362,Marc,Alexandre,17/10/1952,0834434517,Marc.Alexandre@gmail.com,57,D6,8.1
2061077445636,Alexandre,Marcel,07/10/2018,0793810972,Alexandre.Marcel@gmail.com,57,M9,5.69
2161117812361,Cédric,Pierre,16/03/1998,0617359832,Cédric.Pierre@gmail.com,29,M4,3.94
2860155262872,Gilbert,Albert,20/12/1984,0150229269,Gilbert.Albert@gmail.com,32,N1,3.7800000000000002
1680431611123,Frédéric,Patrice,20/05/1968,0263303059,Frédéric.Patrice@gmail.com,9,G2,3.25
2410112592989,Lionel,Nicolas,11/07/2020,0699489345,Lionel.Nicolas@gmail.com,47,K5,0.62
1180422080483,Alice,Thierry,14/08/1916,0680175509,Alice.Thierry@gmail.com,7,J2,6.48
1181165909801,Christian,Joseph,18/03/1950,0938692867,Christian.Joseph@gmail.com,72,C8,0.01
2110386451743,Éric,Frédéric,05/08/1910,0647457540,Éric.Frédéric@gmail.com,24,J3,6.08
1970205002837,Jean-Pierre,Jean-Luc,26/02/1908,0615317256,Jean-Pierre.Jean-Luc@gmail.com,71,G4,3.95
1550327996614,Étienne,Emmanuel,17/07/1923,0718621784,Étienne.Emmanuel@gmail.com,20,G9,3.88
2190866033971,Jacques,Alain,12/07/1902,0429648457,Jacques.Alain@gmail.com,63,A3,4.7700000000000005
2970277064505,Renaud,Jean-Pierre,09/09/1909,0678111483,Renaud.Jean-Pierre@gmail.com,18,J2,4.63
1181126941485,Antoine,Olivier,25/06/1970,0331087904,Antoine.Olivier@gmail.com,90,J9,1.44
2211093433583,Frédéric,Maxime,23/09/1922,0914236844,Frédéric.Maxime@gmail.com,75,H8,9.120000000000001
2211175788857,Pierre,Stéphane,25/09/1903,0815958546,Pierre.Stéphane@gmail.com,78,F5,5.5200000000000005
2580647248658,Arthur,Maxime,27/04/2010,0331546958,Arthur.Maxime@gmail.com,58,F2,6.4
2190332545788,Benjamin,Marius,11/08/2011,0589442124,Benjamin.Marius@gmail.com,66,N4,6.04
2500858863763,Louis,Michel,05/04/1921,0941071777,Louis.Michel@gmail.com,92,E6,3.69
1621137241413,Paul,Olivier,25/07/1971,0865646370,Paul.Olivier@gmail.com,76,F2,9.56
1120245065968,Gérard,René,20/05/1982,0572738454,Gérard.René@gmail.com,64,K8,5.8
2321010464297,Philippe,Arnaud,03/01/1954,0254450584,Philippe.Arnaud@gmail.com,4,B7,2.61
2720584583976,Pierre,Jérôme,07/10/1997,0889392734,Pierre.Jérôme@gmail.com,63,I4,2.5
2311181959494,Vincent,Sébastien,08/01/1928,0954924932,Vincent.Sébastien@gmail.com,62,I7,7.08
2650548499911,Claude,Denis,25/09/2011,0777826290,Claude.Denis@gmail.com,34,E3,1.77
1590218553587,Marie,Sébastien,01/12/1926,0618311263,Marie.Sébastien@gmail.com,87,C7,1.1
1091074412079,Marie,Philippe,05/09/2009,0356305468,Marie.Philippe@gmail.com,63,K3,9.47
1600356407553,René,Pierre,07/11/1916,0484597165,René.Pierre@gmail.com,29,H3,1.83
1900491364941,Thomas,Sylvain,13/06/1996,0848507490,Thomas.Sylvain@gmail.com,54,E1,9.59
2610805475330,Pierre,Philippe,28/09/1923,0493565434,Pierre.Philippe@gmail.com,11,J1,2.42
1150904060425,Gustave,Jacques,03/09/1934,0720293739,Gustave.Jacques@gmail.com,83,E2,8.56
2100124067931,Éric,Laurent,26/12/1963,0981420988,Éric.Laurent@gmail.com,47,L9,6.67
1401243335441,Renaud,Georges,13/06/2004,0699540028,Renaud.Georges@gmail.com,57,C9,1.9000000000000001
1270797867476,Alain,Grégory,17/11/1940,0654694484,Alain.Grégory@gmail.com,90,L7,6.42
2110594642824,Jean,Nicolas,15/01/1953,0663929200,Jean.Nicolas@gmail.com,79,E7,2.92
2550340905263,Lucien,Auguste,26/03/1967,0224066598,Lucien.Auguste@gmail.com,2,H9,5.51
1330439941697,Jérôme,Philippe,28/02/1969,0234943768,Jérôme.Philippe@gmail.com,17,G3,0.16
1780275480062,Henri,Yann,24/02/1973,0960663555,Henri.Yann@gmail.com,80,E5,1.7
1870409159686,Christophe,Benoît,10/10/1984,0668553361,Christophe.Benoît@gmail.com,23,K3,4.65
1600336785976,Lionel,Nicolas,27/08/1936,0743499972,Lionel.Nicolas@gmail.com,6,M2,9.4
1420241882479,Arnaud,Mathieu,13/01/1945,0566152287,Arnaud.Mathieu@gmail.com,72,G6,2.9
2291174398069,Antoine,Romain,10/04/1924,0377320346,Antoine.Romain@gmail.com,65,M7,8.99
2840917177788,Antoine,Vincent,13/08/1971,0552170590,Antoine.Vincent@gmail.com,87,D6,6.0200000000000005
2040424677999,Cyril,Alexandre,17/04/1956,0137418834,Cyril.Alexandre@gmail.com,98,K5,1.07
2460263899579,Yann,Paul,11/09/1938,0438332208,Yann.Paul@gmail.com,27,F8,1.61
1090360940128,Antoine,François,16/03/1965,0768717812,Antoine.François@gmail.com,25,F2,6.61
2221269966750,Jacques,Damien,21/07/1970,0982641578,Jacques.Damien@gmail.com,99,K6,7.42
1901045674694,Frédéric,Paul,04/02/1950,0132278284,Frédéric.Paul@gmail.com,6,H6,7.15
1330736055109,Jean,Édouard,13/06/1908,0430180594,Jean.Édouard@gmail.com,39,D7,8.32
1771171181959,Patrice,Denis,12/02/1991,0930726617,Patrice.Denis@gmail.com,47,F5,7.12
2500512687998,Laurent,Gérard,26/07/1978,0519296860,Laurent.Gérard@gmail.com,92,K2,1.77
1340273915876,Louis,Jean-Michel,07/04/1948,0611902827,Louis.Jean-Michel@gmail.com,47,M9,9.28
1970914547007,Éric,Gustave,19/04/1949,0732713053,Éric.Gustave@gmail.com,67,A3,4.0
1131198235711,Lionel,Philippe,24/09/1901,0990132520,Lionel.Philippe@gmail.com,61,A4,9.49
1741263872305,Guillaume,Philippe,28/02/1926,0978082319,Guillaume.Philippe@gmail.com,76,I4,9.51
2070435377844,Étienne,Pierre,26/10/2012,0766277802,Étienne.Pierre@gmail.com,28,H7,7.26
2510925386355,Raoul,François,10/08/2014,0485775410,Raoul.François@gmail.com,43,D6,3.48
1960471020279,Lucien,Christophe,01/07/1920,0446680105,Lucien.Christophe@gmail.com,11,A6,6.1000000000000005
2980516779191,David,Émile,25/07/1998,0114117854,David.Émile@gmail.com,91,A5,3.18
1211251778016,Christophe,Jacques,21/12/1932,0689034884,Christophe.Jacques@gmail.com,94,M8,6.3500000000000005
1450563673936,Maxime,Lucie,07/01/1929,0211321744,Maxime.Lucie@gmail.com,90,N4,5.11
1060166065881,Étienne,Alain,06/09/1957,0831481728,Étienne.Alain@gmail.com,40,K6,2.92
2590120052520,Gabriel,Denis,20/11/1976,0343997964,Gabriel.Denis@gmail.com,69,E6,3.08
1761269953857,Georges,Christian,27/02/1935,0695589865,Georges.Christian@gmail.com,12,F8,5.79
2250573523311,Édouard,Sébastien,16/04/1981,0363872448,Édouard.Sébastien@gmail.com,5,J4,5.03
2180939808651,François,Pascal,09/07/1918,0958439473,François.Pascal@gmail.com,27,D6,3.0300000000000002
1100117631488,Charles,Henri,13/12/1926,0448648243,Charles.Henri@gmail.com,12,E4,3.7800000000000002
1690589113635,Thomas,Michel,02/12/1922,0328643917,Thomas.Michel@gmail.com,56,F3,8.83
1100307221047,Pascal,Jérôme,13/10/1990,0413218515,Pascal.Jérôme@gmail.com,48,D1,5.44
2550883605051,Éric,Étienne,16/05/1945,0939588094,Éric.Étienne@gmail.com,25,C7,4.2
2870375270059,Guillaume,Éric,26/09/2014,0561920698,Guillaume.Éric@gmail.com,28,E9,4.0600000000000005
1190430022378,Philippe,Jean,06/12/2001,0114580096,Philippe.Jean@gmail.com,7,A3,9.84
1050474430980,Christian,Michel,02/10/1911,0269025715,Christian.Michel@gmail.com,40,E3,0.79
1950567829005,Alexandre,Jérôme,02/07/1975,0982184773,Alexandre.Jérôme@gmail.com,19,A5,0.81
2150743301457,Stéphane,Pascal,06/02/2010,0713482376,Stéphane.Pascal@gmail.com,63,K9,5.32
2420250757583,Vincent,Albert,03/08/2022,0713195864,Vincent.Albert@gmail.com,72,H9,7.41
2961226797672,Vincent,Georges,17/06/1991,0132623812,Vincent.Georges@gmail.com,44,H8,5.47
1400285010785,Patrice,Michel,20/02/1976,0769031744,Patrice.Michel@gmail.com,58,D8,7.87
2070231801529,Julie,Édouard,09/03/1909,0674705819,Julie.Édouard@gmail.com,37,C6,8.06
2381010930551,Alain,Christophe,28/01/1999,0945717041,Alain.Christophe@gmail.com,43,D5,7.33
2481090892978,Henri,Maxime,27/02/1986,0553556243,Henri.Maxime@gmail.com,65,N1,5.5600000000000005
1160514223392,Philippe,Michel,18/06/1954,0946587879,Philippe.Michel@gmail.com,54,F2,7.890000000000001
1930537181778,Michel,Gilles,23/07/1997,0122341265,Michel.Gilles@gmail.com,36,L7,3.75
1710660236233,Damien,Hervé,08/08/1953,0830966693,Damien.Hervé@gmail.com,95,B3,2.65
2010715983785,Bertrand,Benoît,27/08/1956,0593037134,Bertrand.Benoît@gmail.com,85,I1,2.09
1071293554954,Bertrand,Jean-Michel,26/09/1916,0524770112,Bertrand.Jean-Michel@gmail.com,20,N1,0.6
2890845625307,Antoine,Denis,17/10/2013,0527210219,Antoine.Denis@gmail.com,26,A8,0.61
1680285668135,Jean-Pierre,Christophe,12/02/1910,0998413268,Jean-Pierre.Christophe@gmail.com,69,D6,9.22
2160628520881,Sébastien,Marie,10/11/1956,0866889941,Sébastien.Marie@gmail.com,93,M1,8.08
2090326006448,Jérôme,Claude,09/09/2003,0824744785,Jérôme.Claude@gmail.com,74,A6,8.39
2160374861858,Jérôme,Nicolas,26/12/1971,0236388753,Jérôme.Nicolas@gmail.com,75,G4,1.93
1510141521694,Pascal,Denis,17/05/1992,0987411209,Pascal.Denis@gmail.com,24,H4,6.23
2160285380530,Frédéric,Maurice,02/11/1986,0196510441,Frédéric.Maurice@gmail.com,64,G1,8.92
1050289810291,Pierre,Jacques,26/09/1927,0774577808,Pierre.Jacques@gmail.com,45,B1,9.27
2070531055312,Sophie,André,13/07/1988,0381629915,Sophie.André@gmail.com,75,D4,8.23
2170629893476,Damien,Cédric,15/08/1993,0890955783,Damien.Cédric@gmail.com,18,C2,5.88
2571177501769,Frédéric,Nicolas,16/12/1928,0589661478,Frédéric.Nicolas@gmail.com,4,H3,0.47000000000000003
1521103661087,Julien,Patrice,10/05/1900,0936204201,Julien.Patrice@gmail.com,61,K2,0.36
2060576866941,Pierre,Émile,12/03/1967,0185495674,Pierre.Émile@gmail.com,47,J4,2.2
1741033437413,Nicolas,Xavier,25/06/1912,0253377059,Nicolas.Xavier@gmail.com,43,G9,1.48
2560227636224,Marc,Damien,06/11/1962,0960646200,Marc.Damien@gmail.com,33,B4,0.45
1741071908448,René,Hubert,27/03/1937,0216027590,René.Hubert@gmail.com,81,J7,8.49
2351271860442,Gérard,Romain,02/12/1902,0142153711,Gérard.Romain@gmail.com,41,K7,1.22
1661038837400,Patrick,Lucie,07/01/1965,0574744507,Patrick.Lucie@gmail.com,20,L2,5.14
2150126577619,Pierre,Cédric,20/05/2020,0970964775,Pierre.Cédric@gmail.com,22,J6,7.42
1740350489273,Nicolas,Daniel,28/01/1927,0529659642,Nicolas.Daniel@gmail.com,83,F7,7.22
2380840294489,Auguste,Stéphane,16/09/1937,0814723479,Auguste.Stéphane@gmail.com,73,D2,8.47
1760477865325,Pierre,Jean-François,20/10/1938,0442927105,Pierre.Jean-François@gmail.com,63,M3,6.140000000000001
2201099514266,Vincent,Édouard,17/09/1997,0694077390,Vincent.Édouard@gmail.com,66,H9,7.34
1890871823846,Georges,Patrice,06/07/1949,0927534263,Georges.Patrice@gmail.com,30,B8,1.99
1580945251110,René,Grégory,04/03/1929,0276790735,René.Grégory@gmail.com,95,J6,8.2
2710503913997,Georges,Charles,23/06/2012,0638914769,Georges.Charles@gmail.com,16,M2,8.870000000000001
1510338182677,Sébastien,Sébastien,19/11/1908,0151437602,Sébastien.Sébastien@gmail.com,36,D7,6.38
2360390005822,Jean-Michel,Yann,05/03/2017,0796878822,Jean-Michel.Yann@gmail.com,98,M9,0.41000000000000003
1170568793594,Jean-Pierre,Nicolas,24/08/1931,0586144616,Jean-Pierre.Nicolas@gmail.com,10,B7,9.89
2670990371960,Nicolas,Sébastien,21/06/1991,0381632946,Nicolas.Sébastien@gmail.com,81,G1,6.15
2020590537172,René,Édouard,12/05/1993,0593272105,René.Édouard@gmail.com,48,E6,6.61
2650153613214,Joseph,Sébastien,16/02/1998,0169937467,Joseph.Sébastien@gmail.com,55,E5,6.76
2900572948205,Maurice,François,02/06/1999,0788037408,Maurice.François@gmail.com,89,J8,3.04
1790679392913,Charles,Antoine,02/10/1949,0896907900,Charles.Antoine@gmail.com,88,H5,7.65
2730696168105,Christophe,Olivier,22/04/1926,0633711658,Christophe.Olivier@gmail.com,46,H8,5.18
1110365045505,Paul,Jean-Michel,03/09/1998,0860097403,Paul.Jean-Michel@gmail.com,66,B3,8.78
2730591197442,Patrice,Patrice,26/03/1961,0453227030,Patrice.Patrice@gmail.com,12,L7,2.07
1541010345670,David,Maxime,05/04/1997,0910383010,David.Maxime@gmail.com,64,M3,7.19
2240191663875,Philippe,René,15/04/1916,0672606879,Philippe.René@gmail.com,21,D2,1.97
1751245762237,Laurent,Michel,07/10/2005,0927063639,Laurent.Michel@gmail.com,60,B9,6.43
1041080950960,Claude,Damien,19/07/2003,0242059684,Claude.Damien@gmail.com,69,A4,3.96
2320897316032,Pierre,Laurent,01/10/2004,0978870828,Pierre.Laurent@gmail.com,20,M8,9.56
1150723764318,Bertrand,Hervé,06/08/1976,0759653189,Bertrand.Hervé@gmail.com,35,K8,7.58
2630250006538,Michel,Olivier,01/06/1986,0783841328,Michel.Olivier@gmail.com,13,E6,9.1
2441249608728,Hervé,Nicolas,07/01/1936,0576253220,Hervé.Nicolas@gmail.com,88,L7,1.2
2850980051704,Frédéric,Olivier,10/03/1947,0357296514,Frédéric.Olivier@gmail.com,29,I5,5.7
2420853478152,Joseph,Maxime,19/05/2009,0430873334,Joseph.Maxime@gmail.com,64,N2,5.55
1460557780511,Grégory,Pascal,17/08/1968,0559151465,Grégory.Pascal@gmail.com,14,A1,0.07
1240907080470,Pascal,Benjamin,26/10/1994,0683222464,Pascal.Benjamin@gmail.com,31,A5,2.7
1130558184950,René,Maxime,04/11/1915,0868062071,René.Maxime@gmail.com,95,A5,2.81
1020803458707,Marcel,Maxime,22/11/1946,0158983141,Marcel.Maxime@gmail.com,84,F6,6.73
1480898714964,Marie,Marcel,23/04/1999,0226299447,Marie.Marcel@gmail.com,12,I8,9.33
2850869246923,Nicolas,Hubert,14/05/2001,0113965407,Nicolas.Hubert@gmail.com,93,G3,0.64
1580192719332,Sébastien,Maxime,11/02/1905,0262270813,Sébastien.Maxime@gmail.com,76,I1,3.66
2590545404228,Alain,Lionel,08/12/1931,0313812311,Alain.Lionel@gmail.com,12,D6,2.62
2820186935128,Joseph,Alexandre,03/07/1958,0874784935,Joseph.Alexandre@gmail.com,97,D3,4.29
1511121621757,Antoine,Antoine,01/03/1931,0167120821,Antoine.Antoine@gmail.com,62,D9,6.46
2210757795797,Claude,Jean,14/08/1916,0583562448,Claude.Jean@gmail.com,14,E2,5.03
2850978875059,Romain,Pascal,04/05/2003,0231790509,Romain.Pascal@gmail.com,91,I2,9.43
1360295954769,Mathieu,David,18/08/1906,0242017528,Mathieu.David@gmail.com,35,L9,3.24
2040848920135,Cyril,Antoine,16/03/1950,0239339488,Cyril.Antoine@gmail.com,62,B7,1.08
1370316595469,Cédric,Philippe,17/02/1900,0525885109,Cédric.Philippe@gmail.com,85,I7,0.92
1140768830627,Thierry,Frédéric,06/11/2022,0370395587,Thierry.Frédéric@gmail.com,57,H8,1.6300000000000001
1890951220583,Pierre,Étienne,11/12/1995,0741809548,Pierre.Étienne@gmail.com,98,A1,4.29
1970985517283,Jean-Luc,Jean-Luc,08/06/1926,0420454754,Jean-Luc.Jean-Luc@gmail.com,45,H4,7.01
1700833387851,Fernand,Lionel,05/05/1969,0921839621,Fernand.Lionel@gmail.com,60,D7,3.39
2950291288006,Thomas,Denis,13/07/2013,0772685441,Thomas.Denis@gmail.com,99,G2,9.870000000000001
2060306396075,Jean-Michel,Gabriel,04/08/1900,0292185532,Jean-Michel.Gabriel@gmail.com,51,K7,4.32
1720792718101,Fabien,Pascal,27/01/1995,0592015908,Fabien.Pascal@gmail.com,70,I7,8.64
1910458386773,Julie,Fernand,07/11/1939,0313502548,Julie.Fernand@gmail.com,73,A7,8.8
1671182466263,Noël,Julien,22/06/1943,0384098398,Noël.Julien@gmail.com,30,I2,4.7
2370398720843,Christophe,Armand,06/08/1997,0380630024,Christophe.Armand@gmail.com,35,B4,0.5700000000000001
2980491930730,Michel,Alexandre,16/01/1959,0948771844,Michel.Alexandre@gmail.com,83,B1,5.62
2220842496298,David,Jérôme,28/07/1922,0690112675,David.Jérôme@gmail.com,82,M5,6.25
2000622971870,Laurent,Cédric,22/07/2005,0712634009,Laurent.Cédric@gmail.com,45,I2,1.53
1020663305100,Thierry,Lucien,04/09/1901,0143736616,Thierry.Lucien@gmail.com,58,D1,8.3
2090751126312,Grégory,Paul,07/07/1930,0130162367,Grégory.Paul@gmail.com,56,B2,0.53
2931255941506,Pierre,Jean,24/09/1994,0634013976,Pierre.Jean@gmail.com,11,G4,4.63
2441167647684,Albert,Benoît,14/06/1908,0856275324,Albert.Benoît@gmail.com,76,E5,3.4
2001249096334,Nicolas,Daniel,06/07/1925,0197137666,Nicolas.Daniel@gmail.com,11,H7,1.3
2560642878514,Stéphane,Joseph,17/12/1924,0823939953,Stéphane.Joseph@gmail.com,69,H3,2.2
2710385889657,Jacques,Jean-Luc,05/05/1941,0894050915,Jacques.Jean-Luc@gmail.com,80,H1,0.01
2600487951254,Raoul,Yves,02/12/2006,0681799966,Raoul.Yves@gmail.com,42,I2,8.3
1660871234425,Marc,Philippe,23/10/1938,0173517797,Marc.Philippe@gmail.com,61,L7,6.63
1810267428329,Maxime,Jérôme,15/12/1956,0255038822,Maxime.Jérôme@gmail.com,87,F5,5.04
1070177267111,David,Lucie,10/11/1985,0415716937,David.Lucie@gmail.com,8,A8,7.22
2180201667332,Olivier,Édouard,13/10/2022,0824558876,Olivier.Édouard@gmail.com,66,H3,3.25
2610830017099,Alexandre,Paul,05/02/1956,0730050825,Alexandre.Paul@gmail.com,79,C8,3.49
1980704872961,Nicolas,Mathieu,10/07/1952,0125536105,Nicolas.Mathieu@gmail.com,21,F4,1.43
1130617836539,Christian,Yann,02/01/1980,0179303343,Christian.Yann@gmail.com,37,A4,4.2700000000000005
