Numero_Securite_Sociale,Nom,Prenom,Date_Naissance,Numero_Telephone,E_Mail,ID_Remboursement,Code_Soin,Montant_Remboursement
2030848703730,Jean-Michel,Stéphane,20/08/1976,0971104174,Jean-Michel.Stéphane@gmail.com,56,N5,1.25
1180105633571,Pascal,René,15/04/1909,0277160108,Pascal.René@gmail.com,1,I9,1.2
1580838754814,Maxime,Pierre,03/02/2016,0775067740,Maxime.Pierre@gmail.com,28,F8,6.28
2650997143850,Bernard,François,27/04/1941,0625419079,Bernard.François@gmail.com,48,G9,1.42
2930924357439,Claude,Gérard,09/11/1998,0876160770,Claude.Gérard@gmail.com,78,B6,1.16
2680312492850,Louis,Auguste,17/01/1933,0945524929,Louis.Auguste@gmail.com,20,B7,5.0200000000000005
1780752257499,Claude,Julie,10/03/1910,0831091145,Claude.Julie@gmail.com,70,H7,9.65
2120885989428,Jean-François,Jean-Pierre,25/05/2015,0124062779,Jean-François.Jean-Pierre@gmail.com,3,B5,8.33
2051052672194,Maxime,Jean-François,22/04/1989,0352449196,Maxime.Jean-François@gmail.com,68,L6,2.89
1100588340794,Philippe,Charles,06/01/1977,0725219636,Philippe.Charles@gmail.com,76,F3,6.8100000000000005
1750521685925,Bernard,Julien,19/09/1908,0259722791,Bernard.Julien@gmail.com,15,I4,1.06
1230927990224,Jean-François,Gabriel,21/12/1977,0616038385,Jean-François.Gabriel@gmail.com,51,F6,0.61
2200847131382,Pierre,Benoît,08/07/1928,0167308811,Pierre.Benoît@gmail.com,97,B7,8.120000000000001
1910939996986,Étienne,Hubert,16/03/1911,0417926283,Étienne.Hubert@gmail.com,97,E1,3.85
1830976619550,Antoine,Vincent,06/07/1921,0155566683,Antoine.Vincent@gmail.com,4,I6,5.83
1890926759808,Alexandre,Louis,08/12/1927,0776678969,Alexandre.Louis@gmail.com,32,N1,5.24
2911278724391,Laurent,Patrick,12/09/1910,0644643286,Laurent.Patrick@gmail.com,33,M3,8.370000000000001
1220805230915,René,Paul,08/11/1951,0381704655,René.Paul@gmail.com,66,G2,2.57
1970399981449,Maxime,Jacques,28/12/1949,0246908168,Maxime.Jacques@gmail.com,86,C5,0.46
1581014436060,Pascal,Frédéric,19/07/1945,0169915751,Pascal.Frédéric@gmail.com,28,F8,5.66
1030873908992,Olivier,Benoît,23/12/1986,0558036714,Olivier.Benoît@gmail.com,48,I6,6.46
1071097048604,Jacques,Maxime,14/02/2003,0868332665,Jacques.Maxime@gmail.com,23,I9,6.3500000000000005
1080134459094,Bertrand,Denis,07/08/1986,0883628696,Bertrand.Denis@gmail.com,62,N1,1.22
1810162698343,Antoine,Nicolas,08/08/2019,0351729892,Antoine.Nicolas@gmail.com,91,I3,1.47
1630199154967,Arthur,David,14/03/2008,0129011449,Arthur.David@gmail.com,28,L6,4.18
1630948498647,Fernand,Patrice,07/02/2016,0788024302,Fernand.Patrice@gmail.com,95,I7,3.65
2700713284250,Nicolas,Alain,08/06/1907,0736874905,Nicolas.Alain@gmail.com,29,M9,2.5300000000000002
2650547033632,Charles,Yves,20/02/2022,0310480783,Charles.Yves@gmail.com,7,N4,5.76
1220515284343,Lionel,Fabien,12/05/1964,0837982421,Lionel.Fabien@gmail.com,90,G4,7.08
1191049972866,Sophie,Thierry,14/06/2010,0271563661,Sophie.Thierry@gmail.com,50,I4,9.6
1540755291552,Cyril,Maurice,09/10/1900,0410021337,Cyril.Maurice@gmail.com,77,E7,1.95
2850114480183,Louis,Olivier,16/11/1908,0221843550,Louis.Olivier@gmail.com,76,G3,4.0200000000000005
1100574838791,Hervé,Frédéric,02/01/1964,0198536395,Hervé.Frédéric@gmail.com,27,K5,6.59
2270648519308,Thierry,Jean,08/04/2008,0337101422,Thierry.Jean@gmail.com,70,M8,5.9
1040835313336,Marcel,Benjamin,06/03/1978,0876559034,Marcel.Benjamin@gmail.com,25,M4,4.54
2550579761571,Jean,Alfred,17/03/2015,0279144261,Jean.Alfred@gmail.com,9,C4,7.2700000000000005
2810804501144,Lucien,Renaud,14/01/1937,0955526777,Lucien.Renaud@gmail.com,40,H3,5.04
1861150324219,Gérard,Nicolas,22/08/2007,0836239644,Gérard.Nicolas@gmail.com,13,A5,4.83
1191187096291,Émile,François,20/04/1956,0271980367,Émile.François@gmail.com,38,H3,1.94
2220411848243,Alain,Xavier,11/06/1964,0662608985,Alain.Xavier@gmail.com,43,H9,6.3
2640564858186,Armand,Bertrand,04/04/2003,0373277816,Armand.Bertrand@gmail.com,56,L8,7.24
1060586963490,Jacques,Maxime,28/07/1992,0540136770,Jacques.Maxime@gmail.com,22,C2,9.24
1691025468395,Nicolas,Claude,13/02/1999,0166552564,Nicolas.Claude@gmail.com,46,F6,8.620000000000001
1020986953348,Pierre,Frédéric,07/11/2008,0143091412,Pierre.Frédéric@gmail.com,76,L2,3.42
1340357700084,Lucie,Emmanuel,01/03/1939,0436361308,Lucie.Emmanuel@gmail.com,62,A5,5.95
2531122181478,Julie,Gérard,25/07/1988,0873004068,Julie.Gérard@gmail.com,21,L2,9.57
2150242114499,Julie,Éric,02/06/2006,0188850315,Julie.Éric@gmail.com,94,A4,6.78
1180575349730,René,Romain,08/06/1968,0766432466,René.Romain@gmail.com,75,H6,6.97
2710309712592,Nicolas,Gilles,05/03/1965,0681658631,Nicolas.Gilles@gmail.com,8,K1,6.7700000000000005
1131098963321,Pierre,Joseph,24/01/1971,0448354687,Pierre.Joseph@gmail.com,58,L2,9.44
2270356737671,Vincent,Christian,20/01/2001,0613730910,Vincent.Christian@gmail.com,22,E6,8.21
1120160231590,Pascal,Hubert,15/06/1987,0724088540,Pascal.Hubert@gmail.com,33,F7,7.42
1321190034186,Patrick,Laurent,08/03/1952,0379900555,Patrick.Laurent@gmail.com,75,H1,3.56
1140323674187,André,Pascal,19/09/1927,0793766322,André.Pascal@gmail.com,88,K8,1.87
1941183584706,Hervé,Paul,26/06/1909,0696372031,Hervé.Paul@gmail.com,18,A9,5.68
1190274415809,Lucie,Gustave,05/10/1947,0155850847,Lucie.Gustave@gmail.com,3,F2,0.86
1790264011031,Sébastien,Hubert,26/01/2017,0571830100,Sébastien.Hubert@gmail.com,58,M7,2.54
1840115009255,Maxime,Gérard,03/02/1924,0410242471,Maxime.Gérard@gmail.com,78,J1,4.87
2410314991933,Frédéric,Laurent,03/04/1951,0714651901,Frédéric.Laurent@gmail.com,80,K7,3.89
1010476117944,Frédéric,Philippe,22/04/1935,0362954676,Frédéric.Philippe@gmail.com,94,F7,0.7000000000000001
1850234613046,René,Sébastien,20/12/1948,0356002111,René.Sébastien@gmail.com,25,A7,3.14
2941268732185,Jérôme,Philippe,17/01/1910,0464019754,Jérôme.Philippe@gmail.com,12,M9,6.55
1300728243672,Étienne,Bernard,22/09/1903,0964208667,Étienne.Bernard@gmail.com,51,M5,2.79
2090238180361,Thierry,Noël,28/02/1913,0548095912,Thierry.Noël@gmail.com,98,A1,0.48
2090557544021,Patrice,Cyril,03/10/1939,0148994375,Patrice.Cyril@gmail.com,70,I6,1.76
1020682235001,Gérard,Hubert,28/07/1982,0542561195,Gérard.Hubert@gmail.com,45,N7,0.5700000000000001
2360440574848,Laurent,Michel,05/03/1986,0610399342,Laurent.Michel@gmail.com,87,H7,6.69
2560545482461,Gilbert,Thierry,26/03/1992,0860855459,Gilbert.Thierry@gmail.com,97,D5,2.95
1430663686847,Daniel,Sébastien,06/08/1954,0945360914,Daniel.Sébastien@gmail.com,40,I1,0.24
2691179690991,Alfred,Arthur,17/07/1948,0432819727,Alfred.Arthur@gmail.com,23,D1,3.72
1260829367822,Jean-Luc,Sylvain,03/11/2003,0481150369,Jean-Luc.Sylvain@gmail.com,60,L9,1.17
1110194311864,François,René,28/03/1910,0685687829,François.René@gmail.com,24,M7,7.55
1570336415438,Alfred,Denis,26/11/1984,0147061493,Alfred.Denis@gmail.com,84,J7,1.28
2511088974907,Denis,Lucie,08/09/1979,0139124825,Denis.Lucie@gmail.com,39,M1,5.53
1470317819267,Michel,Louis,13/01/1908,0979204406,Michel.Louis@gmail.com,20,J6,4.63
2221105819422,Philippe,Jean-Michel,23/08/1954,0784556406,Philippe.Jean-Michel@gmail.com,67,G9,8.06
2870840180322,François,Jacques,11/02/1954,0330491424,François.Jacques@gmail.com,27,E1,2.64
2030724856029,Jean-Pierre,Christophe,25/09/2013,0462642655,Jean-Pierre.Christophe@gmail.com,25,D1,6.57
2120531612856,Thierry,Pascal,09/01/1937,0941752966,Thierry.Pascal@gmail.com,98,F3,2.6
2610441084640,Nicolas,Vincent,24/07/1924,0752677519,Nicolas.Vincent@gmail.com,77,A4,1.8800000000000001
1740387745019,Éric,Étienne,06/05/1916,0928649672,Éric.Étienne@gmail.com,46,L7,3.95
2910910815176,Pascal,Xavier,13/10/1965,0756287981,Pascal.Xavier@gmail.com,24,M9,9.53
1411193181634,Frédéric,Renaud,27/12/1931,0821426937,Frédéric.Renaud@gmail.com,40,M3,1.04
2740893992593,Bertrand,Julie,16/01/2002,0140309662,Bertrand.Julie@gmail.com,94,F4,4.03
1820120691075,Michel,André,19/05/1994,0912339795,Michel.André@gmail.com,53,C4,9.08
1530899306433,Fabien,Yann,06/05/2016,0144001346,Fabien.Yann@gmail.com,53,E8,1.34
2380329198288,Cyril,Guillaume,17/05/1960,0744953231,Cyril.Guillaume@gmail.com,60,H5,0.02
2090176088089,Patrice,René,06/02/1924,0393747555,Patrice.René@gmail.com,10,N6,5.18
2250291815568,Charles,Armand,17/10/2003,0978981436,Charles.Armand@gmail.com,25,L1,3.12
2630507713832,Jérôme,Éric,16/03/1937,0258467591,Jérôme.Éric@gmail.com,3,D4,2.8000000000000003
2151063351022,Alfred,Albert,16/05/2007,0831769613,Alfred.Albert@gmail.com,20,B2,5.41
2340381231761,Grégory,Christian,03/01/1928,0133591191,Grégory.Christian@gmail.com,85,B3,5.59
1480965458961,Georges,Frédéric,27/09/2000,0794042633,Georges.Frédéric@gmail.com,82,M7,7.94
1051022640228,Laurent,Guillaume,16/03/1913,0963125981,Laurent.Guillaume@gmail.com,88,M7,3.23
2300436472419,Alice,Romain,07/02/1917,0731045318,Alice.Romain@gmail.com,70,N2,0.6900000000000001
1160503406088,Paul,Frédéric,13/11/1976,0916668584,Paul.Frédéric@gmail.com,57,G5,8.13
1060836089421,Georges,Paul,13/04/1960,0662967936,Georges.Paul@gmail.com,100,L2,4.25
2121169988734,Jean-François,Sébastien,08/07/1927,0136382239,Jean-François.Sébastien@gmail.com,97,M5,4.69
2170397411632,Pierre,Hervé,19/01/2023,0661665032,Pierre.Hervé@gmail.com,44,I5,1.61
2900543667397,François,Denis,17/07/1967,0824912808,François.Denis@gmail.com,37,F8,8.38
1520595264517,Alice,Paul,11/04/1968,0340889860,Alice.Paul@gmail.com,38,H2,9.34
1130564047561,Albert,Thomas,14/02/1972,0935217454,Albert.Thomas@gmail.com,75,G4,2.71
1260123239705,Antoine,Pierre,09/05/1942,0911882520,Antoine.Pierre@gmail.com,75,K2,3.72
1100465480621,Vincent,Sébastien,13/09/1930,0228707629,Vincent.Sébastien@gmail.com,47,B1,1.87
2620748605320,Lucien,Renaud,01/04/2006,0723202552,Lucien.Renaud@gmail.com,77,C7,8.56
1201123082701,Gilbert,Gilbert,19/03/1957,0116681932,Gilbert.Gilbert@gmail.com,53,D9,4.4
2740606615979,Éric,André,18/03/1911,0462301763,Éric.André@gmail.com,98,C7,9.58
1120217985660,Gérard,Julie,19/02/1942,0822076521,Gérard.Julie@gmail.com,88,N3,2.37
1760963513303,René,Nicolas,25/08/1966,0212219187,René.Nicolas@gmail.com,10,J8,7.46
1300730184027,Sylvain,Sylvain,01/03/1994,0384979742,Sylvain.Sylvain@gmail.com,44,K2,2.06
2591109029084,Jean-François,Pierre,20/09/1956,0399087226,Jean-François.Pierre@gmail.com,21,A4,2.37
2410697482434,Jérôme,Sébastien,08/10/1925,0545352223,Jérôme.Sébastien@gmail.com,41,F1,4.47
2260822622806,Sébastien,Philippe,04/01/1954,0972604805,Sébastien.Philippe@gmail.com,47,I7,9.77
2041133259101,Xavier,Sébastien,02/09/1973,0856460946,Xavier.Sébastien@gmail.com,45,C6,2.06
1840224836533,Noël,Auguste,05/10/2005,0154560774,Noël.Auguste@gmail.com,71,M8,0.9500000000000001
1030791667637,Pierre,Gilles,22/12/1959,0775740667,Pierre.Gilles@gmail.com,51,F2,0.8
1760943727815,Noël,Damien,20/01/1905,0952316326,Noël.Damien@gmail.com,38,B8,5.45
2150564448451,Jean-Michel,Jean-Pierre,07/01/1934,0928070520,Jean-Michel.Jean-Pierre@gmail.com,86,M3,4.5600000000000005
1150717213099,Arthur,Gustave,20/06/1965,0137447321,Arthur.Gustave@gmail.com,25,I4,3.59
1950228301181,Gustave,Lucien,12/01/1980,0131052771,Gustave.Lucien@gmail.com,38,E6,4.57
1350466080160,Édouard,Charles,15/11/1938,0459374226,Édouard.Charles@gmail.com,76,G4,8.42
1030836466022,Sylvain,André,28/03/2005,0140382606,Sylvain.André@gmail.com,37,C9,5.64
1090191050165,Cédric,Raoul,20/05/1940,0545466155,Cédric.Raoul@gmail.com,76,A8,2.62
2060968609334,Sébastien,Pierre,10/11/2014,0577260180,Sébastien.Pierre@gmail.com,89,D8,1.95
2880503076482,Cyril,Patrice,18/09/1970,0937000535,Cyril.Patrice@gmail.com,17,H1,4.25
1561176845420,Julie,Jean,26/02/2008,0117402834,Julie.Jean@gmail.com,25,L5,4.23
1951259639922,Daniel,Sébastien,24/11/1996,0496981027,Daniel.Sébastien@gmail.com,59,G2,0.14
2260322656558,Jean-Pierre,Marcel,26/05/1924,0758958493,Jean-Pierre.Marcel@gmail.com,24,C1,0.35000000000000003
2031188993644,Antoine,Claude,14/05/1962,0472530552,Antoine.Claude@gmail.com,32,E7,2.41
1330144326694,Jean-Michel,Benoît,09/02/1953,0549193719,Jean-Michel.Benoît@gmail.com,13,A9,6.07
2940935261019,François,Sylvain,10/09/2009,0268323978,François.Sylvain@gmail.com,34,L8,5.48
1580701828806,Paul,Jean,27/03/1953,0915728330,Paul.Jean@gmail.com,67,G2,0.71
1641092583279,Marc,Benjamin,12/05/1994,0364522304,Marc.Benjamin@gmail.com,50,A5,8.43
1330556135399,Daniel,Édouard,05/04/2009,0276685634,Daniel.Édouard@gmail.com,49,A1,7.390000000000001
2981112706895,Jean-Luc,Lucien,28/12/1990,0157554151,Jean-Luc.Lucien@gmail.com,25,E7,0.85
1410416260010,Auguste,Alice,23/12/1957,0488331605,Auguste.Alice@gmail.com,50,G7,2.41
1030429304737,David,Armand,04/11/2013,0929620454,David.Armand@gmail.com,74,F7,6.1000000000000005
2010912730176,Antoine,Jean,01/06/1907,0165214009,Antoine.Jean@gmail.com,93,F7,2.87
1740310006868,Guillaume,Louis,23/04/1962,0798895150,Guillaume.Louis@gmail.com,7,D1,0.29
2550278839235,Damien,Auguste,25/10/1972,0188086920,Damien.Auguste@gmail.com,21,K8,2.93
1781140385079,Jacques,Jean-Luc,20/03/2013,0111979562,Jacques.Jean-Luc@gmail.com,21,E8,4.82
2080444502991,Daniel,Jacques,15/12/1911,0748152429,Daniel.Jacques@gmail.com,32,G9,1.12
2570859305979,Frédéric,Joseph,02/09/1976,0639021425,Frédéric.Joseph@gmail.com,90,D8,9.25
2040871164300,Thierry,Jean-Luc,20/05/1956,0510303630,Thierry.Jean-Luc@gmail.com,70,N3,8.17
1621203313537,Gilbert,Frédéric,23/03/1939,0181892336,Gilbert.Frédéric@gmail.com,7,L4,3.89
1500273749510,Cédric,Mathieu,22/06/1921,0574925525,Cédric.Mathieu@gmail.com,75,J9,4.59
2711223876410,Armand,Henri,12/12/1989,0210305452,Armand.Henri@gmail.com,82,L4,0.97
1520499101198,Stéphane,Éric,21/04/2017,0721634520,Stéphane.Éric@gmail.com,98,F9,5.93
1681096297561,Denis,Marius,28/12/1908,0433565086,Denis.Marius@gmail.com,27,H7,7.42
1180972918449,Philippe,Jean-Michel,27/09/2022,0967076851,Philippe.Jean-Michel@gmail.com,5,A1,4.73
2240942953872,Julien,Bernard,08/10/2022,0377703452,Julien.Bernard@gmail.com,81,B5,2.49
2320808833700,Bertrand,Grégory,17/11/1905,0713401475,Bertrand.Grégory@gmail.com,49,F9,9.66
1500182811387,Albert,Daniel,17/11/1932,0796821640,Albert.Daniel@gmail.com,74,B8,1.54
1220762662110,Alexandre,Maxime,14/04/1982,0643625644,Alexandre.Maxime@gmail.com,57,B2,2.08
1711186360369,Paul,Renaud,11/05/1969,0447321176,Paul.Renaud@gmail.com,88,M2,8.84
1481005441044,Pierre,David,03/09/1990,0626069846,Pierre.David@gmail.com,78,A6,7.0
1060740561129,Paul,Vincent,24/11/1966,0125930008,Paul.Vincent@gmail.com,85,A5,8.120000000000001
2430523428788,Guillaume,David,27/11/1909,0487717467,Guillaume.David@gmail.com,53,M3,9.700000000000001
2020475939729,Damien,Alice,23/03/1953,0681401889,Damien.Alice@gmail.com,75,B9,6.61
2340312652632,David,Jean-Luc,13/11/1942,0134054233,David.Jean-Luc@gmail.com,8,L3,2.0300000000000002
2580204303734,Émile,Lucien,18/05/1947,0494819373,Émile.Lucien@gmail.com,13,K5,0.2
2911127253476,Maxime,Lucien,21/04/1990,0427794947,Maxime.Lucien@gmail.com,31,L9,7.4
2270360674861,Bernard,Hervé,11/08/2020,0659133852,Bernard.Hervé@gmail.com,35,A3,0.59
1731171174661,Joseph,Nicolas,12/11/1986,0131158552,Joseph.Nicolas@gmail.com,40,I5,1.76
1321005400758,Paul,Olivier,09/09/1932,0830806293,Paul.Olivier@gmail.com,97,M7,8.02
2750440267683,Julien,Julien,23/11/1962,0420671061,Julien.Julien@gmail.com,38,D9,9.68
1681258486938,François,Lucie,10/08/1904,0715774406,François.Lucie@gmail.com,69,G6,6.7
2071087601917,Louis,Frédéric,25/11/1948,0453703693,Louis.Frédéric@gmail.com,45,B9,0.03
1721189111516,Marie,Gabriel,18/02/1923,0451782487,Marie.Gabriel@gmail.com,15,M4,6.8
2820589408530,Vincent,Georges,27/07/2001,0225427861,Vincent.Georges@gmail.com,87,M6,9.31
1781136634164,Jean-Luc,Stéphane,20/10/1952,0232892667,Jean-Luc.Stéphane@gmail.com,1,B1,2.7600000000000002
1850493036889,Olivier,Éric,04/12/2004,0617338136,Olivier.Éric@gmail.com,52,H4,9.5
1360942569645,Marcel,Denis,14/08/1930,0199222690,Marcel.Denis@gmail.com,82,C8,0.48
1230328673632,Hubert,René,11/11/1917,0252809195,Hubert.René@gmail.com,89,M1,1.31
1060642201990,Michel,Sylvain,23/04/1992,0580281488,Michel.Sylvain@gmail.com,40,C9,2.87
2691038577399,Jean-François,Maurice,21/01/2006,0424142996,Jean-François.Maurice@gmail.com,50,I3,8.59
2560685670923,Hervé,Frédéric,06/08/1909,0963012050,Hervé.Frédéric@gmail.com,16,M7,6.390000000000001
1070272440056,Philippe,Jérôme,10/05/1930,0771854167,Philippe.Jérôme@gmail.com,79,D9,0.04
1230649723963,Georges,Renaud,14/11/1989,0867342780,Georges.Renaud@gmail.com,95,H4,6.7700000000000005
2190376769044,Marc,Alexandre,20/06/1939,0759232303,Marc.Alexandre@gmail.com,22,B2,8.8
1110824968232,Laurent,Arthur,01/06/1925,0444763681,Laurent.Arthur@gmail.com,99,E4,6.41
2061207385446,Alfred,Lionel,12/12/1973,0726384587,Alfred.Lionel@gmail.com,6,I5,2.97
1210165301547,Jérôme,Gabriel,16/01/1908,0247857553,Jérôme.Gabriel@gmail.com,4,D7,3.61
1690957874073,Antoine,Laurent,27/01/1928,0288997248,Antoine.Laurent@gmail.com,43,H4,7.94
2870986226454,Jean-Pierre,Émile,07/10/1932,0284018065,Jean-Pierre.Émile@gmail.com,76,L7,6.3
1190831552362,Marie,Julien,24/07/1955,0762330057,Marie.Julien@gmail.com,20,H7,7.11
1930267384485,Antoine,Philippe,22/03/1913,0985788418,Antoine.Philippe@gmail.com,72,L9,1.12
1120713466785,Guillaume,Antoine,24/07/1910,0163436830,Guillaume.Antoine@gmail.com,65,K9,3.96
2411143632716,François,Patrick,18/11/1913,0625555447,François.Patrick@gmail.com,33,M5,5.0200000000000005
2800401537539,Vincent,Pierre,11/03/1986,0228757535,Vincent.Pierre@gmail.com,60,F4,8.67
1811254213348,Thomas,Grégory,20/08/1942,0939490458,Thomas.Grégory@gmail.com,16,A2,1.37
2740177827507,David,Jean-Pierre,11/08/1972,0423436817,David.Jean-Pierre@gmail.com,25,I2,5.2
2020363257745,Benjamin,Charles,09/12/1923,0428065953,Benjamin.Charles@gmail.com,94,H7,1.9000000000000001
1021190990940,Mathieu,Alain,15/12/2015,0785697650,Mathieu.Alain@gmail.com,10,N4,9.68
1130128290356,Alain,Émile,05/05/1946,0726846092,Alain.Émile@gmail.com,91,E8,3.58
1240116186028,Damien,André,03/06/2013,0345117398,Damien.André@gmail.com,27,C2,6.41
2020686821575,Benjamin,Olivier,14/10/2014,0458049008,Benjamin.Olivier@gmail.com,76,G4,5.22
2030263434803,Patrice,Jean,05/07/1972,0248620878,Patrice.Jean@gmail.com,82,E3,3.92
2590354167824,Émile,Xavier,05/02/1939,0480120617,Émile.Xavier@gmail.com,51,J3,4.44
1641274614458,Alexandre,Jean-Pierre,19/11/2010,0245693096,Alexandre.Jean-Pierre@gmail.com,18,J7,8.39
1110797114642,Stéphane,Éric,23/02/1962,0774086977,Stéphane.Éric@gmail.com,18,G4,5.8100000000000005
2100895244589,Patrice,Hervé,26/01/1910,0549886662,Patrice.Hervé@gmail.com,35,F5,4.62
1300688761591,Maxime,Gérard,25/06/1994,0685849881,Maxime.Gérard@gmail.com,73,D7,2.45
2000196987776,Guillaume,Maxime,11/11/1946,0885473388,Guillaume.Maxime@gmail.com,78,G9,6.08
1450195426879,Denis,Pascal,20/05/2016,0356902461,Denis.Pascal@gmail.com,32,F6,7.48
1080527557525,Marie,Thierry,14/05/1964,0860624994,Marie.Thierry@gmail.com,49,K4,7.16
1410730488663,Julien,Sébastien,08/08/1965,0198543967,Julien.Sébastien@gmail.com,100,A7,5.34
2810951283013,Armand,Pierre,08/10/1901,0721098233,Armand.Pierre@gmail.com,44,F8,9.040000000000001
2410946566690,Damien,Alain,28/01/1926,0959701731,Damien.Alain@gmail.com,54,M8,0.85
1200805005484,Gilles,Gabriel,11/07/2004,0958211759,Gilles.Gabriel@gmail.com,81,L4,9.870000000000001
2770360688438,Damien,Alexandre,06/01/2022,0732826596,Damien.Alexandre@gmail.com,88,B7,5.43
1580530817522,Mathieu,Bertrand,22/02/2012,0588866165,Mathieu.Bertrand@gmail.com,43,M6,2.17
1060602112870,Marie,Philippe,07/12/1905,0730257533,Marie.Philippe@gmail.com,58,K6,4.51
1420812005643,Alice,Joseph,14/06/1977,0572373168,Alice.Joseph@gmail.com,3,F6,9.06
2250383982132,Grégory,Thierry,01/08/2020,0823687053,Grégory.Thierry@gmail.com,4,D4,6.17
1550815276195,Damien,Jean-Michel,02/04/1929,0869113469,Damien.Jean-Michel@gmail.com,79,E7,5.0600000000000005
2830613282043,Gabriel,Philippe,03/08/1911,0818295091,Gabriel.Philippe@gmail.com,72,B3,4.82
1111145837987,Émile,Claude,10/02/1908,0468160950,Émile.Claude@gmail.com,72,G3,8.08
1370848116599,Auguste,Jérôme,10/01/2008,0596837769,Auguste.Jérôme@gmail.com,39,J8,2.37
2190486315584,Arnaud,Gustave,03/07/1951,0753932255,Arnaud.Gustave@gmail.com,4,N5,2.62
1760216276265,Frédéric,Joseph,13/04/2012,0121190220,Frédéric.Joseph@gmail.com,23,B3,0.99
2121193840055,Paul,Pierre,23/06/1991,0217858971,Paul.Pierre@gmail.com,17,H5,7.26
1561226184026,François,Olivier,28/10/1993,0112369216,François.Olivier@gmail.com,25,G7,2.67
2810845752063,Lucie,Philippe,24/12/1980,0316933267,Lucie.Philippe@gmail.com,5,F8,2.0
2321211995315,Patrick,Jean-Michel,19/10/2012,0296404564,Patrick.Jean-Michel@gmail.com,67,K7,4.99
2150551323471,Grégory,Alice,20/01/1966,0642479853,Grégory.Alice@gmail.com,95,K3,2.62
2950190706917,Sophie,Pascal,19/01/1946,0437474722,Sophie.Pascal@gmail.com,44,L1,8.43
1231079926097,Christian,Jean-Luc,10/08/1998,0810224243,Christian.Jean-Luc@gmail.com,59,A8,7.69
1700929068240,Arnaud,Maxime,16/03/1926,0830584897,Arnaud.Maxime@gmail.com,21,C1,1.71
1500947985682,Denis,Cédric,23/09/1996,0694863541,Denis.Cédric@gmail.com,85,B1,3.63
2260392514231,Marcel,Guillaume,15/11/2002,0440410467,Marcel.Guillaume@gmail.com,64,A5,2.25
2190757289972,André,Cyril,02/02/2001,0534485112,André.Cyril@gmail.com,67,J6,6.75
1620396615348,Jérôme,Fernand,17/11/1960,0217044344,Jérôme.Fernand@gmail.com,58,I3,2.87
2150641804068,Jacques,Cyril,12/07/2006,0533110584,Jacques.Cyril@gmail.com,25,B6,4.17
2900256326847,Philippe,Maurice,27/10/2010,0691219541,Philippe.Maurice@gmail.com,99,C9,7.37
2060942607330,Maurice,Hervé,02/04/1956,0411310494,Maurice.Hervé@gmail.com,53,D4,8.48
2160709009249,Benoît,Émile,06/12/1991,0541443908,Benoît.Émile@gmail.com,31,D6,9.200000000000001
2721257020257,Charles,Paul,02/02/1954,0959064685,Charles.Paul@gmail.com,100,N4,5.71
2160634771983,Olivier,Gabriel,08/12/1995,0965109465,Olivier.Gabriel@gmail.com,61,F5,0.8
1700463260508,Philippe,Alfred,05/12/2012,0243157782,Philippe.Alfred@gmail.com,23,A8,9.18
2320872712441,Christophe,Patrick,10/11/1905,0253694881,Christophe.Patrick@gmail.com,98,I4,5.6000000000000005
1270973957697,Vincent,Jérôme,11/09/1915,0274995562,Vincent.Jérôme@gmail.com,66,H3,2.48
1060748069102,Patrice,Étienne,05/07/1939,0298195184,Patrice.Étienne@gmail.com,93,F5,7.34
1251126282175,Patrice,Denis,26/06/1909,0436990532,Patrice.Denis@gmail.com,67,B1,3.5100000000000002
1890156006606,Jean-Luc,Xavier,10/01/1946,0817898864,Jean-Luc.Xavier@gmail.com,44,G1,7.78
1340883248833,Benjamin,Raymond,02/02/1907,0156248394,Benjamin.Raymond@gmail.com,9,L1,9.4
1410578711914,Alain,Gustave,22/03/1902,0826626823,Alain.Gustave@gmail.com,82,L3,8.21
1150633049728,Jean-Luc,François,11/12/1950,0420670231,Jean-Luc.François@gmail.com,85,M4,5.13
2171032156399,Henri,Gilles,14/06/1983,0257530065,Henri.Gilles@gmail.com,77,C8,5.79
2901036984861,Julien,Albert,08/11/2013,0313050359,Julien.Albert@gmail.com,98,M2,2.47
1900268284196,Étienne,Julien,01/01/1962,0463327905,Étienne.Julien@gmail.com,26,G8,9.21
2860413861235,Laurent,Nicolas,11/02/2006,0772318883,Laurent.Nicolas@gmail.com,17,M9,0.87
2990290711202,Frédéric,Laurent,25/07/2023,0837996855,Frédéric.Laurent@gmail.com,20,K2,0.28
1060995316693,Noël,Jean-Luc,19/12/2020,0891846298,Noël.Jean-Luc@gmail.com,68,E7,4.66
1300464528497,Patrice,André,25/08/1903,0992206871,Patrice.André@gmail.com,20,N6,2.68
2601040576734,Christophe,Marc,01/09/1907,0549543743,Christophe.Marc@gmail.com,22,L7,8.88
1661204852726,Pascal,Albert,13/11/1979,0321868808,Pascal.Albert@gmail.com,7,L5,2.2800000000000002
2490842794913,Jean-François,Thomas,25/08/1941,0961793874,Jean-François.Thomas@gmail.com,13,E1,4.61
2710940297694,Benjamin,Patrice,14/08/1952,0684484134,Benjamin.Patrice@gmail.com,95,N2,9.790000000000001
2520808279821,Gilbert,Nicolas,18/04/1907,0443522685,Gilbert.Nicolas@gmail.com,26,I6,8.82
1341248328351,Jérôme,Georges,26/10/1998,0952425773,Jérôme.Georges@gmail.com,25,L3,8.49
2881277462371,Guillaume,Albert,06/11/1985,0570910973,Guillaume.Albert@gmail.com,31,J7,7.390000000000001
2610205900884,Sébastien,Marie,23/10/2009,0451020588,Sébastien.Marie@gmail.com,33,H3,1.33
2800841632541,Yves,Jean-Michel,08/02/1926,0362395337,Yves.Jean-Michel@gmail.com,12,L9,1.98
1451033399300,Grégory,Alice,25/07/1945,0444872926,Grégory.Alice@gmail.com,10,F3,5.18
1150468724647,Cédric,Noël,17/11/1971,0217027914,Cédric.Noël@gmail.com,82,K4,2.61
1850482217167,David,Antoine,24/12/1975,0338219899,David.Antoine@gmail.com,71,C6,3.17
2920548147278,Bertrand,Daniel,02/03/1943,0686489497,Bertrand.Daniel@gmail.com,60,K1,2.21
2900358895060,Jean-Pierre,Jacques,08/10/2008,0360412573,Jean-Pierre.Jacques@gmail.com,52,C9,4.57
2130642409871,Thierry,Sébastien,28/02/1988,0294116139,Thierry.Sébastien@gmail.com,72,I1,4.8100000000000005
1350971859029,Yann,Charles,12/07/2011,0939674781,Yann.Charles@gmail.com,61,J6,7.83
2720235157577,Sylvain,Pierre,09/02/1939,0317042957,Sylvain.Pierre@gmail.com,7,F7,3.92
2140253691454,Daniel,Laurent,17/07/1962,0852801124,Daniel.Laurent@gmail.com,13,K6,4.68
2060584759882,Claude,Gustave,26/11/1995,0867021689,Claude.Gustave@gmail.com,75,G1,6.5
2050942527187,Raoul,Vincent,27/05/1931,0813643951,Raoul.Vincent@gmail.com,56,I3,2.36
1320698589504,Marcel,Fabien,05/07/2000,0747425645,Marcel.Fabien@gmail.com,34,N1,4.18
2911268958344,Thomas,Alfred,11/03/1987,0947183431,Thomas.Alfred@gmail.com,57,G5,8.1
1191215640979,Jean-Luc,Olivier,10/05/1917,0141919690,Jean-Luc.Olivier@gmail.com,90,G8,0.37
1070382766956,Louis,Michel,13/08/1938,0199935960,Louis.Michel@gmail.com,23,H7,7.08
1960533965085,Patrick,Thierry,06/07/1940,0868647995,Patrick.Thierry@gmail.com,9,B5,3.9
2230151283725,Émile,Alain,22/11/2001,0815610155,Émile.Alain@gmail.com,14,E9,6.95
1130861457263,Gilles,Marie,24/09/1907,0574052363,Gilles.Marie@gmail.com,55,M8,4.5600000000000005
1351066234441,Bertrand,Patrick,15/02/1969,0113442328,Bertrand.Patrick@gmail.com,42,A5,1.6
1630943620787,Marie,Renaud,25/10/1934,0423270697,Marie.Renaud@gmail.com,43,M7,5.5200000000000005
2570717868743,David,Marcel,25/07/1981,0971700937,David.Marcel@gmail.com,80,M7,2.42
2130388149604,Étienne,Cyril,17/06/1938,0886035103,Étienne.Cyril@gmail.com,95,E8,9.15
1200188970830,François,Denis,07/06/1994,0644678814,François.Denis@gmail.com,99,H4,7.25
2360442482849,Jean-Pierre,Patrice,08/12/1908,0775680698,Jean-Pierre.Patrice@gmail.com,14,B3,6.8
2220371288257,Jean,Jean-Luc,15/07/1992,0418515629,Jean.Jean-Luc@gmail.com,29,H6,2.56
1050396525379,Paul,Vincent,04/10/1913,0323390010,Paul.Vincent@gmail.com,7,K7,9.17
2200842673760,Jean,Mathieu,08/05/1978,0463815328,Jean.Mathieu@gmail.com,96,G1,1.09
1060707842299,Bertrand,Lionel,22/01/1972,0412572597,Bertrand.Lionel@gmail.com,40,A6,9.370000000000001
1610536339927,Jean-François,Joseph,11/12/2013,0914914759,Jean-François.Joseph@gmail.com,81,C3,3.44
1040382351585,Sophie,Alfred,28/07/2020,0329273627,Sophie.Alfred@gmail.com,8,H4,4.66
1880537878838,Gustave,Marie,11/01/2007,0155087526,Gustave.Marie@gmail.com,84,B6,7.76
2330478236304,Hubert,Renaud,25/10/1967,0429797515,Hubert.Renaud@gmail.com,44,H6,5.4
1700368022262,Jean-Pierre,Damien,23/12/2012,0936190574,Jean-Pierre.Damien@gmail.com,29,E1,7.32
2020331513118,Marc,Pascal,05/03/1938,0310523486,Marc.Pascal@gmail.com,86,C8,9.89
2160674457636,Christophe,Paul,20/12/1950,0998306681,Christophe.Paul@gmail.com,82,F6,9.94
2201074578833,Gilbert,Olivier,20/11/2007,0695909497,Gilbert.Olivier@gmail.com,6,H5,8.63
1871025643479,Émile,Cédric,27/09/1932,0273185387,Émile.Cédric@gmail.com,27,J3,8.75
1250283970315,Lucie,Hubert,07/10/1995,0469617372,Lucie.Hubert@gmail.com,81,M5,8.5
1270640815435,Vincent,Olivier,18/09/1966,0878558334,Vincent.Olivier@gmail.com,67,J8,3.64
1690713334140,Cédric,Romain,02/05/1908,0810027660,Cédric.Romain@gmail.com,30,D3,2.2800000000000002
2450603036323,Gilles,François,12/07/1982,0416464973,Gilles.François@gmail.com,98,N2,9.950000000000001
1801072131297,Maxime,Gérard,14/09/1953,0974512802,Maxime.Gérard@gmail.com,78,D3,8.370000000000001
1541178617313,Nicolas,Albert,05/01/2000,0774610230,Nicolas.Albert@gmail.com,65,C8,1.23
1470517044844,Pierre,Raoul,23/05/2003,0641585219,Pierre.Raoul@gmail.com,15,D6,3.62
2710247661507,Maxime,Claude,08/05/1941,0892758690,Maxime.Claude@gmail.com,76,A7,7.390000000000001
1640470716305,Patrick,Fabien,12/02/1926,0543816306,Patrick.Fabien@gmail.com,99,J3,7.87
2440244618222,Michel,Sébastien,17/03/1979,0859697115,Michel.Sébastien@gmail.com,15,K5,0.9500000000000001
1030577169499,Christian,Jérôme,24/08/2003,0518323777,Christian.Jérôme@gmail.com,77,C2,8.27
1210818338878,François,René,10/06/1940,0810208071,François.René@gmail.com,75,I5,1.93
2000606655258,Patrice,Gilles,08/01/1945,0445034458,Patrice.Gilles@gmail.com,65,C6,1.97
2280962689447,Guillaume,Jean-François,13/06/1961,0381262212,Guillaume.Jean-François@gmail.com,50,E8,6.76
2330119222124,Jean,Bernard,04/05/2010,0281895806,Jean.Bernard@gmail.com,2,N4,6.7700000000000005
1360588123860,Maurice,Christian,06/03/1927,0973742275,Maurice.Christian@gmail.com,71,G7,3.89
2210305485961,Pierre,Charles,18/08/1905,0829085374,Pierre.Charles@gmail.com,95,G4,5.88
1610576178870,Yves,Cédric,24/03/1971,0329842277,Yves.Cédric@gmail.com,20,D9,8.14
2381215999721,Pascal,Olivier,16/10/2013,0139406123,Pascal.Olivier@gmail.com,50,M2,8.040000000000001
1910852504606,Daniel,Christian,07/12/1991,0921962763,Daniel.Christian@gmail.com,93,H6,4.16
2330601932151,Sophie,Julien,24/06/1925,0512378878,Sophie.Julien@gmail.com,15,J7,1.6500000000000001
1080342740027,Gilles,David,09/10/1950,0535370325,Gilles.David@gmail.com,54,B2,0.36
2921142680377,Raymond,Philippe,18/03/1961,0637867822,Raymond.Philippe@gmail.com,66,E2,1.56
1641126410258,Mathieu,Marcel,07/12/1993,0794182592,Mathieu.Marcel@gmail.com,55,J5,1.6600000000000001
2200424670388,Joseph,Benoît,07/02/1983,0799297424,Joseph.Benoît@gmail.com,37,A6,9.15
1110247065499,Philippe,Romain,06/12/1945,0436665486,Philippe.Romain@gmail.com,11,C2,3.5
2420881110480,Paul,Hervé,23/06/2003,0514397059,Paul.Hervé@gmail.com,35,E4,6.640000000000001
1740351584163,Stéphane,Jérôme,03/02/2022,0393701201,Stéphane.Jérôme@gmail.com,73,F7,6.58
2060350401358,Pierre,Nicolas,13/07/1963,0894068722,Pierre.Nicolas@gmail.com,86,A6,3.96
1950125280077,Bertrand,Raoul,27/09/1905,0651019659,Bertrand.Raoul@gmail.com,83,A9,6.18
2620760754920,Bertrand,Nicolas,19/04/1933,0550851311,Bertrand.Nicolas@gmail.com,46,N6,8.75
2010504692497,Frédéric,Louis,25/09/1964,0758105047,Frédéric.Louis@gmail.com,95,N4,1.33
1501039046971,Laurent,Julien,22/08/2018,0859346536,Laurent.Julien@gmail.com,87,A7,0.92
1740648432931,René,Cyril,22/10/1996,0932349781,René.Cyril@gmail.com,10,H3,6.88
2200217126172,Patrice,Laurent,10/02/1956,0785871257,Patrice.Laurent@gmail.com,5,L6,9.31
2220155866396,Jean-François,Pascal,12/05/2016,0989101393,Jean-François.Pascal@gmail.com,98,D4,1.16
1440790718979,Jérôme,Julien,06/12/1970,0851447520,Jérôme.Julien@gmail.com,56,I9,5.87
1430711589151,Benjamin,Fernand,18/08/1999,0689236039,Benjamin.Fernand@gmail.com,15,H1,0.9500000000000001
2520626059853,Sylvain,Pascal,19/09/1994,0565028109,Sylvain.Pascal@gmail.com,29,B9,7.37
1310754924415,Paul,Michel,05/04/1904,0979803654,Paul.Michel@gmail.com,5,J8,0.92
2110591369519,Philippe,Alice,28/07/1977,0887388741,Philippe.Alice@gmail.com,99,A6,1.3800000000000001
2300362255999,Claude,Jean-François,09/10/1917,0193852257,Claude.Jean-François@gmail.com,97,H7,3.62
1510716668079,René,Hubert,18/04/1905,0761002910,René.Hubert@gmail.com,73,H2,4.72
1970810952159,Gabriel,Jérôme,05/08/2002,0710732749,Gabriel.Jérôme@gmail.com,58,B8,4.26
1190838393886,Nicolas,Mathieu,17/09/2004,0739213018,Nicolas.Mathieu@gmail.com,84,A4,2.11
1911127859554,Jacques,Pierre,19/04/1978,0180341465,Jacques.Pierre@gmail.com,42,I5,1.32
2200476245792,Sophie,Jean-Michel,13/11/1927,0262558189,Sophie.Jean-Michel@gmail.com,89,I4,1.44
2940490319119,Bernard,Arthur,18/10/1988,0324098980,Bernard.Arthur@gmail.com,59,H7,6.890000000000001
2040773156637,Jean-Michel,Romain,28/02/2007,0991698797,Jean-Michel.Romain@gmail.com,56,B3,0.49
2421066021368,Antoine,Nicolas,24/09/1994,0283683366,Antoine.Nicolas@gmail.com,37,F5,1.22
1170343775650,Guillaume,Gérard,20/05/1908,0998372087,Guillaume.Gérard@gmail.com,26,G2,8.950000000000001
2780402820784,Fernand,Armand,17/10/1930,0230592366,Fernand.Armand@gmail.com,75,M7,6.3
2140586261306,Mathieu,Denis,17/12/1975,0862905843,Mathieu.Denis@gmail.com,87,H2,0.17
2121096172751,Alice,Julie,15/01/1986,0115504478,Alice.Julie@gmail.com,31,K7,7.34
2140914897723,Alfred,Arthur,07/03/1906,0144406225,Alfred.Arthur@gmail.com,60,M8,8.86
1820503505109,Guillaume,André,05/06/1954,0467069461,Guillaume.André@gmail.com,69,H5,3.77
2200481186655,Olivier,Lucien,13/12/2015,0844170697,Olivier.Lucien@gmail.com,21,G2,8.32
1790820845191,Hervé,Jean-François,13/02/1922,0835736804,Hervé.Jean-François@gmail.com,99,C1,9.43
2631235290424,Bernard,Michel,18/04/1972,0988376001,Bernard.Michel@gmail.com,97,F1,8.28
1390811478099,Benoît,Henri,19/12/1935,0848170988,Benoît.Henri@gmail.com,1,J4,6.2
2211203693310,Philippe,Lionel,28/01/1946,0668020348,Philippe.Lionel@gmail.com,34,H2,2.95
2730838600935,Jean-Michel,Joseph,01/08/1941,0662064257,Jean-Michel.Joseph@gmail.com,46,H5,9.92
2740916677402,Frédéric,Gabriel,20/03/1914,0929824214,Frédéric.Gabriel@gmail.com,12,C5,1.6300000000000001
1881113575135,Claude,Patrick,27/02/2011,0991501499,Claude.Patrick@gmail.com,3,L6,6.03
2040404514565,Gabriel,René,13/07/1954,0322518879,Gabriel.René@gmail.com,22,A2,7.890000000000001
1760683399514,Raymond,Joseph,04/06/2007,0211694975,Raymond.Joseph@gmail.com,94,D7,4.42
2011230721041,Jean-Luc,Pierre,02/08/1908,0710240188,Jean-Luc.Pierre@gmail.com,3,K4,4.26
1531011560051,Jean-François,Marc,19/07/1923,0695554566,Jean-François.Marc@gmail.com,84,A3,7.95
1170469250765,Pierre,Romain,16/09/2002,0929977979,Pierre.Romain@gmail.com,45,K3,9.94
2450803802371,Emmanuel,Philippe,17/11/1901,0785235717,Emmanuel.Philippe@gmail.com,54,I7,9.5
1860785552727,Vincent,Michel,04/06/2023,0723352123,Vincent.Michel@gmail.com,46,E6,1.28
2050945439510,Armand,Michel,08/08/1965,0572365583,Armand.Michel@gmail.com,41,N8,6.140000000000001
1110514005107,Alexandre,Damien,23/11/1959,0248504421,Alexandre.Damien@gmail.com,52,C6,1.9000000000000001
2140370865570,Noël,Thomas,13/11/2018,0237100441,Noël.Thomas@gmail.com,96,J7,3.97
2201174999080,François,Arnaud,17/10/2007,0594135957,François.Arnaud@gmail.com,68,K6,7.24
2080553623771,Julien,Benoît,06/12/1956,0757939110,Julien.Benoît@gmail.com,58,B5,1.99
1590802871527,André,Nicolas,23/04/1900,0138716683,André.Nicolas@gmail.com,47,D1,7.07
2000428365982,Jean-Luc,Sophie,10/04/1923,0890784016,Jean-Luc.Sophie@gmail.com,33,J5,7.66
1161116075029,Émile,Lionel,18/12/1936,0349764673,Émile.Lionel@gmail.com,93,D2,3.9
2160578660380,Arnaud,Henri,09/08/2007,0174176462,Arnaud.Henri@gmail.com,69,B3,0.62
2991285361553,Maxime,Xavier,08/04/1955,0198377249,Maxime.Xavier@gmail.com,81,H5,6.92
2340937639844,Fabien,Denis,13/05/1949,0662890922,Fabien.Denis@gmail.com,86,F6,1.78
1530252082535,Maurice,Pierre,26/01/2019,0140913718,Maurice.Pierre@gmail.com,44,K7,2.94
1050844343727,Gustave,Jean-Michel,09/05/1927,0913316056,Gustave.Jean-Michel@gmail.com,29,C5,7.67
1020626342628,Patrick,Pierre,01/02/1958,0349870342,Patrick.Pierre@gmail.com,34,B6,4.12
2581218627452,Maurice,Étienne,27/10/1965,0162301057,Maurice.Étienne@gmail.com,40,M6,5.51
2171284256344,Étienne,Julien,03/04/1945,0822591000,Étienne.Julien@gmail.com,78,F6,7.8
1210276995122,Vincent,Noël,27/07/1919,0865185500,Vincent.Noël@gmail.com,95,G7,2.48
1230232754067,Maxime,Alfred,06/10/1924,0475925314,Maxime.Alfred@gmail.com,69,B7,3.37
2621023772187,Hubert,Édouard,11/10/1948,0325010258,Hubert.Édouard@gmail.com,23,J1,8.88
2081267546459,Bernard,Cyril,11/01/2000,0837563027,Bernard.Cyril@gmail.com,86,F1,8.22
1230636073495,Pierre,Henri,05/08/1944,0110571386,Pierre.Henri@gmail.com,24,M4,3.14
1150431834778,Thierry,Jacques,03/10/1963,0282646165,Thierry.Jacques@gmail.com,87,H2,9.75
2001243801619,Pascal,Fabien,03/09/1969,0634388164,Pascal.Fabien@gmail.com,72,I9,5.2700000000000005
2280339326062,Patrice,Stéphane,20/05/1945,0537951529,Patrice.Stéphane@gmail.com,23,K9,9.96
1260585942183,Marc,Grégory,25/01/1910,0635648596,Marc.Grégory@gmail.com,84,H7,5.96
1700273220390,Hervé,Frédéric,19/07/1906,0761566228,Hervé.Frédéric@gmail.com,93,G2,8.31
1240182115969,Xavier,Benoît,18/12/2012,0381196971,Xavier.Benoît@gmail.com,46,J2,1.17
1200819411576,Cyril,Romain,23/01/2017,0561339936,Cyril.Romain@gmail.com,65,G2,3.77
1270646738118,Philippe,Raymond,27/03/1985,0661429526,Philippe.Raymond@gmail.com,16,G6,3.21
1691188274102,Alexandre,Alice,27/06/1996,0352173255,Alexandre.Alice@gmail.com,17,H1,1.01
2850305951889,Thierry,Albert,03/09/2002,0147687963,Thierry.Albert@gmail.com,24,D3,0.51
2130782597256,Yves,Cyril,26/02/1966,0851337900,Yves.Cyril@gmail.com,48,H6,4.0200000000000005
1081085411977,Maxime,Jacques,10/04/1949,0386182070,Maxime.Jacques@gmail.com,33,E8,3.72
1041129693991,Daniel,Auguste,21/01/1959,0595360948,Daniel.Auguste@gmail.com,41,D6,7.45
1831076494420,Armand,David,02/10/1984,0448142481,Armand.David@gmail.com,92,A5,3.39
1270326621296,Éric,Pierre,10/12/1905,0568151767,Éric.Pierre@gmail.com,46,D3,7.79
1860954558905,Laurent,Gilles,03/10/2014,0222990587,Laurent.Gilles@gmail.com,73,D9,3.7
2210285339496,Emmanuel,Damien,27/11/1923,0371867691,Emmanuel.Damien@gmail.com,92,N6,8.41
1440941432762,Alain,Hervé,24/05/1984,0542463317,Alain.Hervé@gmail.com,53,D3,4.03
2131058767944,René,Antoine,11/09/1927,0579780627,René.Antoine@gmail.com,95,G8,4.57
1480259918551,Jean-Luc,Julien,14/07/2018,0321887544,Jean-Luc.Julien@gmail.com,36,A6,8.81
1190582923772,Jean,Lionel,21/04/1909,0911077979,Jean.Lionel@gmail.com,36,K5,4.65
1171047106381,Paul,Sophie,15/12/2019,0588503766,Paul.Sophie@gmail.com,51,F2,2.93
2381194353024,Nicolas,Joseph,20/08/2014,0557768347,Nicolas.Joseph@gmail.com,94,G2,1.76
1031132361646,Laurent,Laurent,15/03/1942,0794258232,Laurent.Laurent@gmail.com,94,I6,6.12
1300888783021,Renaud,Arthur,28/09/2021,0785188362,Renaud.Arthur@gmail.com,28,L4,5.86
2021279843414,Julien,Marcel,15/05/1913,0224183344,Julien.Marcel@gmail.com,80,C7,1.6
2020561941284,Jean-Pierre,Marcel,19/03/1909,0149681858,Jean-Pierre.Marcel@gmail.com,71,J5,1.9000000000000001
2550665974827,Benoît,Jean,21/08/1940,0220826083,Benoît.Jean@gmail.com,60,C4,0.02
2070397494339,Marius,Jean-François,01/06/2017,0115853752,Marius.Jean-François@gmail.com,24,A3,2.74
1540407754733,Grégory,Louis,14/04/1969,0756625694,Grégory.Louis@gmail.com,72,E7,4.23
1460117758521,Benoît,Benoît,03/09/1931,0591736140,Benoît.Benoît@gmail.com,90,L8,0.45
1920297982275,Paul,Pascal,11/07/1917,0597259379,Paul.Pascal@gmail.com,90,F5,2.81
2211144594046,Vincent,Henri,23/05/1928,0115553430,Vincent.Henri@gmail.com,30,L5,4.45
1381129123513,Étienne,Daniel,15/03/1903,0326173341,Étienne.Daniel@gmail.com,38,L6,3.3200000000000003
1790961984724,Patrick,Jacques,14/04/1973,0245863970,Patrick.Jacques@gmail.com,42,D4,9.38
1231144108221,Jean-Luc,Antoine,13/12/1911,0215839780,Jean-Luc.Antoine@gmail.com,70,J4,2.1
1910650017119,Patrice,Olivier,15/03/1908,0773786081,Patrice.Olivier@gmail.com,51,A7,5.8100000000000005
1501139952778,Charles,Denis,13/06/1916,0821079410,Charles.Denis@gmail.com,20,M1,7.61
2010506045165,Laurent,Édouard,25/12/1920,0614143851,Laurent.Édouard@gmail.com,49,N4,3.87
1920313403279,Sébastien,Pierre,10/12/1926,0624515394,Sébastien.Pierre@gmail.com,61,D6,4.18
1001180012688,Jean-Michel,François,02/11/2023,0885917822,Jean-Michel.François@gmail.com,25,C4,8.64
1820151643366,Jean-Michel,Jacques,02/09/1955,0638917827,Jean-Michel.Jacques@gmail.com,8,N6,6.43
2121046354517,Jean-Pierre,Philippe,20/05/1962,0849368936,Jean-Pierre.Philippe@gmail.com,96,J7,2.0300000000000002
1420895287859,Frédéric,Vincent,27/11/1956,0134872433,Frédéric.Vincent@gmail.com,2,F8,4.41
2210651636855,Vincent,Jacques,28/06/1994,0884101269,Vincent.Jacques@gmail.com,51,C8,8.72
2670953693529,Jean-Luc,Cyril,11/08/1925,0110166979,Jean-Luc.Cyril@gmail.com,12,C7,3.73
2260671450271,Thierry,Joseph,07/11/1964,0550930748,Thierry.Joseph@gmail.com,37,H6,0.51
2210228109334,Frédéric,Denis,07/02/1935,0428355725,Frédéric.Denis@gmail.com,7,L2,2.31
2140893714028,Nicolas,Jean-Pierre,27/09/1958,0619698167,Nicolas.Jean-Pierre@gmail.com,42,K4,2.8000000000000003
1001062695188,Marie,Paul,18/10/2000,0270000746,Marie.Paul@gmail.com,98,F6,1.1
2040243925113,Benjamin,Thierry,24/04/1932,0723108638,Benjamin.Thierry@gmail.com,81,C5,2.31
2770710889646,Nicolas,Étienne,14/03/2013,0930039335,Nicolas.Étienne@gmail.com,99,I5,7.21
1760408453200,Albert,Marc,28/05/1943,0493316782,Albert.Marc@gmail.com,16,G8,4.45
2880152282428,Philippe,Sylvain,23/08/1976,0679425442,Philippe.Sylvain@gmail.com,46,L3,8.74
1390504177173,Louis,Michel,12/10/1917,0491493899,Louis.Michel@gmail.com,36,D4,0.28
1280558793178,Laurent,Raymond,02/09/1901,0599522883,Laurent.Raymond@gmail.com,39,E8,0.46
1990802150687,Antoine,Antoine,16/10/1981,0964154445,Antoine.Antoine@gmail.com,87,B4,0.16
2000459814517,Grégory,Philippe,17/03/1954,0122062185,Grégory.Philippe@gmail.com,79,G5,1.23
2501182218803,Claude,David,25/12/1973,0187533798,Claude.David@gmail.com,82,H3,9.44
2080499917402,Maxime,Raymond,13/04/2012,0442693323,Maxime.Raymond@gmail.com,72,F8,6.4
1130140289216,Fernand,Benjamin,05/09/1904,0599477655,Fernand.Benjamin@gmail.com,18,I8,3.94
1160440905017,Marius,Julien,06/05/1923,0155664038,Marius.Julien@gmail.com,27,G1,6.8500000000000005
1670693810188,Alexandre,Albert,22/05/1923,0219254749,Alexandre.Albert@gmail.com,57,C1,9.0
1910907756001,Denis,Arthur,25/05/1959,0816794795,Denis.Arthur@gmail.com,2,C1,9.870000000000001
1600836407884,Pascal,Jacques,04/09/1932,0886558214,Pascal.Jacques@gmail.com,22,M7,3.72
1170536571677,Antoine,Stéphane,27/02/1998,0937497476,Antoine.Stéphane@gmail.com,12,D5,2.0
1320462451437,Marie,Lucie,18/12/1973,0718015953,Marie.Lucie@gmail.com,36,H5,2.48
1790595869935,Pascal,Pierre,01/12/1984,0327860604,Pascal.Pierre@gmail.com,15,B9,7.91
1480298619758,Daniel,Christian,22/12/1980,0513996915,Daniel.Christian@gmail.com,32,F1,7.74
2200242820448,Nicolas,Jean,04/08/1986,0518818216,Nicolas.Jean@gmail.com,91,I3,9.21
1930759695598,Damien,Michel,01/09/1929,0859955266,Damien.Michel@gmail.com,44,G3,7.390000000000001
1990381522594,Lionel,Denis,11/04/1957,0742006548,Lionel.Denis@gmail.com,72,I2,3.5300000000000002
2170596735459,Jérôme,Renaud,28/03/2017,0275319633,Jérôme.Renaud@gmail.com,48,B7,1.56
2530137468236,Damien,Alexandre,09/03/2015,0171465130,Damien.Alexandre@gmail.com,35,B6,4.14
1351087602186,Cyril,Jacques,25/10/2006,0231528778,Cyril.Jacques@gmail.com,23,C4,0.7000000000000001
1320727092651,Lionel,Olivier,05/04/1986,0633803054,Lionel.Olivier@gmail.com,50,B1,2.92
1511218710438,Olivier,Georges,12/02/1908,0614637202,Olivier.Georges@gmail.com,37,B3,7.8500000000000005
1131052732351,Patrice,Pierre,23/05/1920,0189997809,Patrice.Pierre@gmail.com,5,L4,8.28
2960539095467,Albert,Guillaume,05/09/2002,0589570458,Albert.Guillaume@gmail.com,34,C1,6.41
1120110506732,Maxime,Olivier,23/07/1939,0714185865,Maxime.Olivier@gmail.com,39,I5,2.5300000000000002
1160874753059,Benoît,Bernard,11/05/1942,0317325089,Benoît.Bernard@gmail.com,56,N1,6.5
2261249866775,Laurent,Antoine,17/09/2001,0756694841,Laurent.Antoine@gmail.com,69,B9,4.42
1550650296878,François,Damien,02/02/1996,0251063211,François.Damien@gmail.com,15,J2,8.11
1410135133931,Armand,Alexandre,04/09/1924,0740758416,Armand.Alexandre@gmail.com,77,K5,0.21
2090722522705,Édouard,Jérôme,04/12/1915,0133087766,Édouard.Jérôme@gmail.com,6,B1,8.51
1731179639570,Pascal,Damien,21/07/1965,0811466344,Pascal.Damien@gmail.com,2,C4,1.47
2171170081705,Raoul,Alfred,28/06/1965,0699748969,Raoul.Alfred@gmail.com,58,L5,2.21
2720731117186,Étienne,Christophe,27/03/1931,0770137301,Étienne.Christophe@gmail.com,81,E5,8.700000000000001
1010270466428,Xavier,Denis,13/10/1984,0495080857,Xavier.Denis@gmail.com,12,N1,0.67
1340128922389,Charles,Marc,22/03/1955,0632511798,Charles.Marc@gmail.com,30,M3,1.57
2120658394645,Gilbert,Grégory,24/05/1948,0918634099,Gilbert.Grégory@gmail.com,1,J8,2.49
2830583854698,Laurent,Daniel,09/08/1927,0957806524,Laurent.Daniel@gmail.com,61,G1,2.2
2470657139933,Romain,Christophe,05/11/1964,0776590096,Romain.Christophe@gmail.com,89,E8,1.45
1100594491306,Philippe,Xavier,08/01/1980,0544158624,Philippe.Xavier@gmail.com,47,H7,9.24
1960535897831,Olivier,Cédric,15/10/1929,0678031591,Olivier.Cédric@gmail.com,78,E4,4.72
2750283168515,Daniel,Jean-Pierre,18/11/1971,0525531879,Daniel.Jean-Pierre@gmail.com,40,D6,8.99
1220445902937,Emmanuel,Marcel,21/04/1988,0594468664,Emmanuel.Marcel@gmail.com,61,D6,9.34
2151032494589,Mathieu,Hervé,05/10/1951,0436708310,Mathieu.Hervé@gmail.com,30,A5,4.88
1240227566822,Alice,Pascal,21/02/1974,0171312638,Alice.Pascal@gmail.com,39,H6,9.31
1700614908168,Lucien,Fernand,15/11/1952,0213612408,Lucien.Fernand@gmail.com,90,B7,3.79
1470925354324,Yann,Pascal,03/11/1963,0199354147,Yann.Pascal@gmail.com,91,I4,7.1000000000000005
2760321662823,Gustave,Gilles,23/02/1959,0710663690,Gustave.Gilles@gmail.com,67,A2,5.92
2190850969712,Nicolas,Yann,28/12/2010,0779124349,Nicolas.Yann@gmail.com,100,B8,8.28
1680490453757,Antoine,Auguste,16/10/1907,0725312211,Antoine.Auguste@gmail.com,69,A5,4.2700000000000005
1020731819290,Julien,Gilbert,27/04/1924,0333798887,Julien.Gilbert@gmail.com,95,E9,3.5
2220505459341,Gilles,Hervé,22/08/2014,0580615157,Gilles.Hervé@gmail.com,24,C4,4.8500000000000005
2220138991150,René,Gilles,17/05/2018,0214870480,René.Gilles@gmail.com,25,B8,5.04
