Numero_Securite_Sociale,Nom,Prenom,Date_Naissance,Numero_Telephone,E_Mail,ID_Remboursement,Code_Soin,Montant_Remboursement
2160991826091,Gérard,Charles,26/02/2004,0434068848,Gérard.Charles@gmail.com,47,B8,2.06
2140103576608,Alain,Fernand,24/05/1976,0637683955,Alain.Fernand@gmail.com,49,K2,9.540000000000001
1570347018133,Pascal,Hervé,03/03/1915,0440852471,Pascal.Hervé@gmail.com,1,A8,6.47
2650579781211,Benoît,Bernard,04/01/1929,0522032502,Benoît.Bernard@gmail.com,90,G1,7.24
2350854493576,Marie,Olivier,07/07/1911,0377620851,Marie.Olivier@gmail.com,32,C6,4.64
1511022125708,Laurent,Bertrand,12/09/1929,0513202379,Laurent.Bertrand@gmail.com,46,B5,7.17
1710554008081,Laurent,Jean-Luc,11/08/1934,0337051958,Laurent.Jean-Luc@gmail.com,50,H2,9.16
1070334217326,Vincent,Édouard,08/11/2014,0591725138,Vincent.Édouard@gmail.com,49,F6,9.13
2161125774171,Lionel,Jean-Luc,02/04/1984,0924264206,Lionel.Jean-Luc@gmail.com,67,F7,2.98
1341066727287,Patrick,Édouard,18/01/1979,0623042394,Patrick.Édouard@gmail.com,98,I1,6.66
1070774435154,Julie,Sylvain,14/05/1910,0450481916,Julie.Sylvain@gmail.com,56,N1,6.0600000000000005
2470322748765,Éric,Albert,22/06/1904,0693211646,Éric.Albert@gmail.com,97,J1,9.370000000000001
2181051713010,Pascal,Pascal,11/08/1946,0272388033,Pascal.Pascal@gmail.com,64,N1,5.24
2230569732632,Benoît,Benoît,20/05/1996,0519493030,Benoît.Benoît@gmail.com,28,K1,5.79
2560745485025,Jean,Marcel,01/03/1974,0577885453,Jean.Marcel@gmail.com,78,L1,0.54
1220434208402,Jean,Nicolas,12/08/1968,0280682566,Jean.Nicolas@gmail.com,39,B4,4.0600000000000005
2301074967647,Claude,Laurent,05/04/1971,0218379497,Claude.Laurent@gmail.com,80,I9,5.62
2430972691810,Mathieu,Jean-Michel,22/03/1940,0665270003,Mathieu.Jean-Michel@gmail.com,18,M4,1.41
2840933138821,Marc,Jean-Luc,18/08/1929,0263551968,Marc.Jean-Luc@gmail.com,77,B3,0.23
1201208548531,Lionel,Christophe,07/01/1921,0912167608,Lionel.Christophe@gmail.com,2,I2,6.94
1020101064620,Raymond,Thomas,23/03/1944,0552289436,Raymond.Thomas@gmail.com,7,J2,8.52
1661277130351,Jean-François,Vincent,27/06/1968,0185236192,Jean-François.Vincent@gmail.com,7,D2,9.67
1030555867511,Émile,Gilles,20/01/2006,0619603015,Émile.Gilles@gmail.com,19,N3,2.14
2610939367778,Gabriel,Charles,17/09/2013,0166552954,Gabriel.Charles@gmail.com,51,E1,8.61
2231224587966,Alice,Christian,26/07/1974,0751554022,Alice.Christian@gmail.com,37,B7,3.3000000000000003
1031027144694,Olivier,Gérard,22/01/2015,0512966511,Olivier.Gérard@gmail.com,37,G7,7.2700000000000005
1061050113177,Julien,David,23/06/1935,0576618752,Julien.David@gmail.com,27,I3,7.08
2000427499273,Jean-Michel,Jean-François,27/08/1990,0825065291,Jean-Michel.Jean-François@gmail.com,32,G1,1.58
1120688546009,Alexandre,Arthur,18/06/1968,0513129334,Alexandre.Arthur@gmail.com,62,K3,5.96
2221209425180,Renaud,Maxime,04/07/2009,0643766844,Renaud.Maxime@gmail.com,31,L8,6.74
2000608093328,Hervé,Daniel,01/06/2002,0116706198,Hervé.Daniel@gmail.com,90,N4,3.5
2600755100142,Auguste,Laurent,14/03/1921,0585651374,Auguste.Laurent@gmail.com,71,L3,3.18
1240848618240,Raoul,Cédric,07/02/1935,0532913336,Raoul.Cédric@gmail.com,55,G5,9.4
1631210651371,Paul,Philippe,06/04/1968,0812839018,Paul.Philippe@gmail.com,15,I2,6.67
1110468947108,Cédric,Patrice,18/01/2007,0962707006,Cédric.Patrice@gmail.com,23,J8,3.68
1500383178137,Lionel,Fabien,17/03/1905,0549667995,Lionel.Fabien@gmail.com,44,I2,0.08
1680448069358,Lucien,David,27/07/1927,0889634809,Lucien.David@gmail.com,61,E4,7.09
2250266343649,Emmanuel,Pierre,19/09/1979,0482374786,Emmanuel.Pierre@gmail.com,56,J2,7.0200000000000005
1060658104514,Renaud,Denis,16/10/1985,0672274488,Renaud.Denis@gmail.com,27,G8,1.43
1340902434326,Bertrand,Marc,04/01/1960,0196875061,Bertrand.Marc@gmail.com,21,J3,6.59
1781294223097,Alain,Philippe,18/05/1978,0951145743,Alain.Philippe@gmail.com,53,B7,1.58
1290193024408,Georges,Bertrand,12/05/1994,0544438811,Georges.Bertrand@gmail.com,40,B3,3.47
1220702764574,Denis,André,14/06/1981,0234784105,Denis.André@gmail.com,77,E1,2.79
1611129375681,Albert,Marie,24/11/1995,0579626130,Albert.Marie@gmail.com,17,D2,3.84
1170429561098,Marc,Raoul,06/01/1971,0273208831,Marc.Raoul@gmail.com,53,E3,0.14
1190223044618,Claude,Nicolas,17/09/2010,0886103918,Claude.Nicolas@gmail.com,55,D9,7.67
1070182661481,Alfred,Denis,15/05/2012,0717281470,Alfred.Denis@gmail.com,26,M3,5.46
1370658979320,Marcel,Édouard,15/06/1918,0532590885,Marcel.Édouard@gmail.com,53,K2,2.0
2210647284438,Lucien,Hubert,18/05/1966,0896486237,Lucien.Hubert@gmail.com,22,J1,5.74
1341190846617,Jérôme,Jean-Pierre,16/10/1956,0739089968,Jérôme.Jean-Pierre@gmail.com,30,D7,3.24
1400557394339,Olivier,Étienne,23/03/1998,0875230587,Olivier.Étienne@gmail.com,97,B3,2.92
2051137351577,Christian,Alice,16/12/1973,0495170649,Christian.Alice@gmail.com,64,H2,7.05
2110456698974,Julien,Olivier,23/01/1978,0929952392,Julien.Olivier@gmail.com,50,C8,3.04
2790960650682,Éric,Antoine,06/07/1997,0875215617,Éric.Antoine@gmail.com,57,M4,1.6
2110745458566,Michel,Renaud,08/09/1937,0476077143,Michel.Renaud@gmail.com,33,G7,9.9
2630146332648,Alice,Benjamin,07/04/1985,0623406200,Alice.Benjamin@gmail.com,22,K3,7.79
2160704162315,Émile,Auguste,24/12/1993,0837487820,Émile.Auguste@gmail.com,100,L6,8.39
1000139877832,Emmanuel,Sophie,13/06/1987,0434390770,Emmanuel.Sophie@gmail.com,13,C9,8.2
1220886650954,Damien,Sylvain,13/01/1966,0795106945,Damien.Sylvain@gmail.com,30,K4,2.44
1730103935515,Paul,Jacques,02/03/1987,0613420580,Paul.Jacques@gmail.com,76,D6,7.48
1290355980656,Sébastien,Paul,09/01/1924,0861950615,Sébastien.Paul@gmail.com,65,G7,0.78
2830235776934,Thierry,Antoine,05/06/1933,0736584014,Thierry.Antoine@gmail.com,84,E9,9.53
2471095256183,Philippe,François,27/08/1901,0167477306,Philippe.François@gmail.com,14,M6,7.58
1751017407341,Olivier,Sébastien,11/11/1940,0146954949,Olivier.Sébastien@gmail.com,20,F7,9.3
2920763568581,Julien,Hervé,19/03/1948,0692070620,Julien.Hervé@gmail.com,65,C1,9.03
2250311321306,Cyril,Nicolas,06/06/2015,0469381876,Cyril.Nicolas@gmail.com,58,C3,1.68
1970168632968,Julien,François,07/02/1985,0527467100,Julien.François@gmail.com,88,E1,4.11
1880459028145,Pierre,Gustave,08/08/1944,0581861400,Pierre.Gustave@gmail.com,56,G5,8.56
1160709168300,Julien,Pierre,03/12/1995,0490323126,Julien.Pierre@gmail.com,36,G6,7.17
1540198198588,Daniel,Frédéric,15/03/1980,0690377012,Daniel.Frédéric@gmail.com,96,I4,7.37
2270385074553,Lucie,Hervé,20/07/1974,0681402111,Lucie.Hervé@gmail.com,72,M6,8.56
2010150367057,Michel,Marcel,13/12/1928,0370149934,Michel.Marcel@gmail.com,39,I3,9.89
1030374275209,Alexandre,Henri,16/09/1932,0294019387,Alexandre.Henri@gmail.com,67,M7,8.08
1080311430303,Daniel,Gustave,07/09/1975,0885784184,Daniel.Gustave@gmail.com,37,N3,6.63
2930980785810,Romain,Denis,20/10/1913,0342696149,Romain.Denis@gmail.com,65,C6,8.03
1961127400843,Emmanuel,René,05/02/1933,0722074134,Emmanuel.René@gmail.com,22,F8,9.96
2091213424540,Michel,Daniel,02/10/1998,0992856626,Michel.Daniel@gmail.com,78,I9,0.1
2230534266841,Benoît,Paul,09/12/1938,0681688794,Benoît.Paul@gmail.com,58,J3,4.88
2071216026138,Jérôme,Benjamin,02/06/1961,0447731485,Jérôme.Benjamin@gmail.com,51,H2,2.58
1730883425671,Hervé,Émile,27/02/1936,0526826956,Hervé.Émile@gmail.com,17,L2,7.91
2361178878660,Thierry,Vincent,19/05/1924,0271225382,Thierry.Vincent@gmail.com,49,G6,9.84
2671053625435,Olivier,Hubert,16/03/1925,0445631403,Olivier.Hubert@gmail.com,60,M8,9.03
1080536067723,Marius,Guillaume,01/07/1910,0889751183,Marius.Guillaume@gmail.com,83,D3,0.74
1150388208865,Hervé,Denis,20/12/1977,0983264900,Hervé.Denis@gmail.com,34,F4,3.24
1810526328579,Jean-Pierre,Alice,05/08/1967,0182345150,Jean-Pierre.Alice@gmail.com,18,N5,9.6
2150582914645,Albert,Pierre,03/10/1949,0293832491,Albert.Pierre@gmail.com,11,B5,2.68
1000683747665,Xavier,Louis,24/07/1966,0729002777,Xavier.Louis@gmail.com,20,A7,5.45
1800749062123,Michel,Denis,21/04/1959,0225225233,Michel.Denis@gmail.com,69,J7,0.25
1460702987315,Éric,Éric,23/01/1909,0673363513,Éric.Éric@gmail.com,26,E1,3.85
1930714316067,Gilbert,Hervé,17/04/1925,0432675417,Gilbert.Hervé@gmail.com,55,B9,5.38
2640880992761,Thierry,Alexandre,03/06/1977,0478687322,Thierry.Alexandre@gmail.com,15,M8,6.59
1040978519677,Philippe,Marie,03/03/1977,0541472072,Philippe.Marie@gmail.com,24,B5,2.98
1200969576565,Jean-Michel,Patrick,04/03/1981,0139596086,Jean-Michel.Patrick@gmail.com,31,N8,4.14
2070952356222,Fabien,Édouard,12/10/2008,0246756254,Fabien.Édouard@gmail.com,51,M5,1.9100000000000001
2951137410358,François,Marcel,25/05/2008,0959836649,François.Marcel@gmail.com,37,L4,8.78
1290231569893,Lucie,Fabien,05/10/1934,0612055087,Lucie.Fabien@gmail.com,11,E9,2.43
1130625027587,Fabien,André,01/09/1913,0237327801,Fabien.André@gmail.com,83,E1,9.92
1671145375747,David,Fabien,08/03/1995,0633768470,David.Fabien@gmail.com,46,D1,0.34
1241291013499,Hubert,Lucien,19/06/2000,0554116169,Hubert.Lucien@gmail.com,66,K6,2.46
2310734194353,Yann,Denis,02/01/1933,0333902993,Yann.Denis@gmail.com,73,C1,0.79
1290449014776,Raoul,Marius,18/05/1917,0262875333,Raoul.Marius@gmail.com,39,M8,7.95
1770898605488,Laurent,Maurice,13/02/1906,0323308475,Laurent.Maurice@gmail.com,15,B9,6.36
1080137425580,Cyril,Éric,08/02/1958,0198125019,Cyril.Éric@gmail.com,56,M3,7.9
2480608753982,David,Georges,24/01/1985,0732241687,David.Georges@gmail.com,89,K1,7.930000000000001
1390694815644,Thomas,Jean,22/04/1908,0624060246,Thomas.Jean@gmail.com,36,B4,0.89
1670564631593,Benjamin,Olivier,13/07/2014,0147476506,Benjamin.Olivier@gmail.com,6,B2,8.290000000000001
2681144670044,Christophe,Frédéric,05/03/1913,0177144697,Christophe.Frédéric@gmail.com,10,D4,8.85
1501010634639,Thierry,Julien,05/09/1910,0136898376,Thierry.Julien@gmail.com,28,D3,3.29
1620135242551,Pierre,Lionel,03/02/1932,0348121812,Pierre.Lionel@gmail.com,29,J9,1.49
2670571609566,Noël,Marc,25/09/1977,0117709258,Noël.Marc@gmail.com,10,I8,3.23
1200502513719,Charles,Émile,28/05/1977,0123583275,Charles.Émile@gmail.com,63,J9,9.17
1660481439057,Yann,Philippe,06/01/1972,0268525621,Yann.Philippe@gmail.com,21,B3,7.8100000000000005
2360103935707,Christian,Pascal,11/10/1992,0513187230,Christian.Pascal@gmail.com,22,E6,5.04
2310901593130,Sophie,Sébastien,23/02/1905,0576160155,Sophie.Sébastien@gmail.com,32,B5,9.72
1721005374011,Thomas,David,16/10/1942,0542653897,Thomas.David@gmail.com,80,F3,2.49
1170946004410,Jérôme,Armand,10/09/2009,0112215953,Jérôme.Armand@gmail.com,82,J1,6.51
2490729977486,Philippe,André,15/04/1973,0214918035,Philippe.André@gmail.com,75,B3,1.22
1070636818571,Jean-Pierre,Auguste,06/09/2015,0344945893,Jean-Pierre.Auguste@gmail.com,99,I5,8.38
1870152712635,Sébastien,Charles,06/05/1970,0640952517,Sébastien.Charles@gmail.com,55,F4,9.450000000000001
1380781126151,Denis,Auguste,13/11/1927,0287411296,Denis.Auguste@gmail.com,42,A1,7.57
1900482178498,Éric,Armand,04/08/2023,0512278940,Éric.Armand@gmail.com,75,G2,7.3500000000000005
2130712735396,Benoît,Philippe,19/07/2004,0152352284,Benoît.Philippe@gmail.com,66,F3,6.04
1371216498882,Georges,Sébastien,25/07/2001,0432316534,Georges.Sébastien@gmail.com,89,B5,1.99
2150420188068,Sébastien,Pierre,14/03/1975,0427464637,Sébastien.Pierre@gmail.com,27,D8,0.76
1830944599603,Christian,Philippe,19/07/1972,0754292779,Christian.Philippe@gmail.com,86,D2,2.56
1790363718119,Antoine,Grégory,21/02/1977,0642964812,Antoine.Grégory@gmail.com,96,M7,3.56
2800856879956,Vincent,Philippe,06/08/2003,0290907674,Vincent.Philippe@gmail.com,84,C6,8.81
2530692843240,Frédéric,Éric,20/05/1962,0491341489,Frédéric.Éric@gmail.com,27,D6,5.71
1920682221301,Étienne,Vincent,13/09/1926,0859561129,Étienne.Vincent@gmail.com,86,I2,5.53
1431125952325,Jérôme,Philippe,10/01/1934,0945271357,Jérôme.Philippe@gmail.com,57,K8,8.99
1160836261518,Benjamin,Julien,23/07/1933,0659230726,Benjamin.Julien@gmail.com,1,E6,4.4
1281165123948,Raymond,Sylvain,11/12/1929,0914939283,Raymond.Sylvain@gmail.com,17,A6,6.17
2550489378172,Nicolas,Nicolas,05/08/1995,0665236768,Nicolas.Nicolas@gmail.com,98,D8,0.79
1190471196065,Jérôme,Paul,25/07/1978,0791754398,Jérôme.Paul@gmail.com,66,F8,9.64
2481276616796,Hubert,Alexandre,17/10/1911,0266847953,Hubert.Alexandre@gmail.com,4,E4,5.37
2400234679928,Lucien,Maurice,20/04/2013,0246690447,Lucien.Maurice@gmail.com,23,G8,6.99
2050111052372,Renaud,Maurice,05/07/1913,0888038210,Renaud.Maurice@gmail.com,8,N6,6.95
2531247852522,Jacques,Xavier,14/02/1995,0854606520,Jacques.Xavier@gmail.com,33,K8,8.67
2650412717318,Bertrand,Patrice,08/06/2013,0990491985,Bertrand.Patrice@gmail.com,89,B2,1.84
1940990269847,Romain,Thierry,06/02/1952,0515789892,Romain.Thierry@gmail.com,60,L5,9.53
1710438629870,Henri,Fabien,17/02/1979,0166391004,Henri.Fabien@gmail.com,53,A5,1.73
2830297248884,Emmanuel,Vincent,02/09/1989,0812754564,Emmanuel.Vincent@gmail.com,5,E3,1.3800000000000001
2960830964364,Nicolas,David,19/01/1904,0284780363,Nicolas.David@gmail.com,57,A9,7.76
2181179038693,Mathieu,Raoul,18/02/1992,0579488535,Mathieu.Raoul@gmail.com,19,L2,8.78
2190730868282,Yves,Gustave,08/08/1954,0330814829,Yves.Gustave@gmail.com,92,N5,5.57
1170920092082,Laurent,Jean-Pierre,01/02/1946,0921551855,Laurent.Jean-Pierre@gmail.com,90,K3,5.75
2180268074568,Cyril,Raoul,01/01/1957,0519246200,Cyril.Raoul@gmail.com,50,D9,8.35
1580481727787,Laurent,Vincent,10/09/2005,0236381748,Laurent.Vincent@gmail.com,10,B6,8.83
1241123503660,François,Emmanuel,08/07/1968,0491358173,François.Emmanuel@gmail.com,89,B5,0.15
2221173536689,Stéphane,Vincent,21/05/1963,0350412426,Stéphane.Vincent@gmail.com,6,C1,4.98
2261058150619,David,Jean,18/01/2006,0322631428,David.Jean@gmail.com,24,C2,4.91
2810782043968,Alexandre,Henri,21/05/1985,0318188842,Alexandre.Henri@gmail.com,27,K2,1.83
1120671739652,Thomas,Fernand,09/12/1945,0456154389,Thomas.Fernand@gmail.com,40,B7,4.54
1990798670089,Gérard,Étienne,08/02/1985,0126067470,Gérard.Étienne@gmail.com,87,A5,9.69
1430263073460,Pascal,Michel,01/08/1929,0633005956,Pascal.Michel@gmail.com,66,A3,2.75
2240126063320,Lucie,René,18/05/2019,0290883318,Lucie.René@gmail.com,85,H6,8.88
1460302681762,Éric,Maurice,14/03/1906,0762266378,Éric.Maurice@gmail.com,76,C2,1.67
2070749730618,Patrice,Michel,28/01/1911,0150611335,Patrice.Michel@gmail.com,46,E5,1.4000000000000001
1330449358377,Julie,Gilbert,09/12/1902,0284320419,Julie.Gilbert@gmail.com,80,I6,0.41000000000000003
1160131127820,Frédéric,Paul,01/09/1978,0747550116,Frédéric.Paul@gmail.com,35,F4,0.29
1771244010678,Henri,Guillaume,16/08/1997,0267263608,Henri.Guillaume@gmail.com,13,D1,0.9500000000000001
2030507123008,Pierre,Michel,02/04/2015,0590825791,Pierre.Michel@gmail.com,69,A9,1.9000000000000001
2100333309998,Xavier,Cyril,13/04/1958,0983418663,Xavier.Cyril@gmail.com,73,K6,9.56
1381070062840,Maurice,Maxime,17/01/1987,0990940179,Maurice.Maxime@gmail.com,71,G3,6.1000000000000005
1080105310915,Olivier,Paul,26/02/2015,0919117161,Olivier.Paul@gmail.com,5,H3,9.6
2580839486379,Édouard,Noël,01/12/1965,0242531317,Édouard.Noël@gmail.com,2,N4,9.43
1730146641801,Lucie,Emmanuel,03/10/1946,0854708478,Lucie.Emmanuel@gmail.com,52,N1,4.25
1950159057349,Nicolas,Arnaud,27/05/1941,0979359269,Nicolas.Arnaud@gmail.com,2,M5,3.61
1100683443260,François,Sophie,06/04/1912,0362543010,François.Sophie@gmail.com,44,L6,0.35000000000000003
2250463715986,Lionel,Laurent,04/06/1910,0998325694,Lionel.Laurent@gmail.com,74,N7,0.9500000000000001
1260118307718,Michel,René,16/04/1918,0657351710,Michel.René@gmail.com,92,E9,3.47
2110290425113,Michel,Olivier,17/12/1903,0369041913,Michel.Olivier@gmail.com,23,L1,9.14
2610802832717,Marie,Gustave,06/04/1921,0150122147,Marie.Gustave@gmail.com,93,F9,1.7
2260869035222,Julien,Paul,02/09/1985,0193674736,Julien.Paul@gmail.com,5,A8,9.48
2271277743925,Jean,Grégory,10/04/1920,0510172398,Jean.Grégory@gmail.com,2,K2,7.890000000000001
2370551040278,Arthur,Étienne,06/12/1938,0221138485,Arthur.Étienne@gmail.com,72,A5,9.23
1690537998347,Jean-François,Sophie,23/07/2014,0870258680,Jean-François.Sophie@gmail.com,15,G2,4.82
2170455550119,Paul,Paul,08/01/1967,0723665724,Paul.Paul@gmail.com,42,D1,4.8
2131171716641,Jérôme,Alexandre,08/01/2014,0670696171,Jérôme.Alexandre@gmail.com,67,M4,7.88
2050743400766,Henri,Hervé,19/12/1999,0382274796,Henri.Hervé@gmail.com,26,D7,1.0
2160108172364,Hubert,René,11/10/1997,0151726609,Hubert.René@gmail.com,59,M2,4.96
1070151473408,Hubert,Lucie,22/08/1915,0357178640,Hubert.Lucie@gmail.com,2,C2,9.76
1640693613166,Marie,Marc,16/11/1966,0973286851,Marie.Marc@gmail.com,33,L2,7.2700000000000005
1100922526982,Éric,Lionel,14/11/1948,0533024308,Éric.Lionel@gmail.com,89,J9,8.32
1580947184794,Cyril,Vincent,24/09/1990,0811320549,Cyril.Vincent@gmail.com,76,D2,4.6000000000000005
2500712146204,Paul,Claude,27/01/1918,0971219483,Paul.Claude@gmail.com,39,A3,8.19
2560340890705,Sophie,Lucie,09/12/2008,0569329509,Sophie.Lucie@gmail.com,53,N3,5.83
2340196021996,Alice,David,14/10/1902,0945025802,Alice.David@gmail.com,83,F8,0.35000000000000003
2171201911564,Philippe,Romain,10/08/1955,0637698978,Philippe.Romain@gmail.com,92,F5,0.42
1191209550675,Gilles,Julien,16/02/1973,0967983685,Gilles.Julien@gmail.com,35,A6,9.23
1230691027450,Nicolas,François,21/12/1905,0594491375,Nicolas.François@gmail.com,3,D5,1.37
1661102814373,Olivier,Fabien,28/07/1918,0926422964,Olivier.Fabien@gmail.com,42,L5,3.44
1161202146039,Christian,Étienne,28/07/1997,0678163183,Christian.Étienne@gmail.com,20,A3,9.84
2320564983685,Nicolas,Olivier,06/05/1982,0217312545,Nicolas.Olivier@gmail.com,80,G8,8.52
2941197842970,Bernard,Pascal,19/08/2010,0657232297,Bernard.Pascal@gmail.com,13,F2,6.3
1791062937728,Jean,Julien,02/03/1947,0594346943,Jean.Julien@gmail.com,14,G3,1.6400000000000001
1170449516696,Alexandre,Gérard,08/01/1966,0625731126,Alexandre.Gérard@gmail.com,94,M9,1.53
2030225079595,Renaud,Grégory,09/04/1972,0165415007,Renaud.Grégory@gmail.com,17,G5,0.17
2371255095347,François,Jacques,23/04/2005,0528179560,François.Jacques@gmail.com,47,B6,3.74
2050407343933,Pierre,Maxime,09/09/1909,0281257151,Pierre.Maxime@gmail.com,91,D2,8.08
1010429701286,Stéphane,Sébastien,03/06/2014,0426355794,Stéphane.Sébastien@gmail.com,49,N6,9.200000000000001
1930177158813,Laurent,Denis,03/10/1958,0335349500,Laurent.Denis@gmail.com,99,A8,5.96
2471218922063,Raymond,Vincent,27/05/1937,0556553241,Raymond.Vincent@gmail.com,98,G9,1.01
2590782126682,Étienne,Arthur,14/05/1969,0614856845,Étienne.Arthur@gmail.com,24,M4,7.59
1750565729896,Émile,Benjamin,19/07/2017,0241555869,Émile.Benjamin@gmail.com,24,E2,8.120000000000001
1970785799223,Pascal,Vincent,12/11/1927,0625701420,Pascal.Vincent@gmail.com,27,K5,8.93
2330912783166,Marc,Éric,13/04/1965,0739529100,Marc.Éric@gmail.com,8,I9,3.83
2950566118693,Alexandre,Antoine,25/07/1940,0513589711,Alexandre.Antoine@gmail.com,46,E4,5.19
1100261668986,Thomas,Laurent,14/02/1952,0823487642,Thomas.Laurent@gmail.com,89,I1,2.5300000000000002
1610934688066,Renaud,Patrice,27/12/1974,0651725263,Renaud.Patrice@gmail.com,95,E4,1.55
2101034442218,Pascal,Éric,06/11/2014,0483969458,Pascal.Éric@gmail.com,15,D5,4.15
1340516762447,Joseph,Denis,26/10/2007,0160173902,Joseph.Denis@gmail.com,22,E4,2.14
1130578712778,Stéphane,Marcel,11/11/1987,0332957227,Stéphane.Marcel@gmail.com,32,I7,5.7
1670976996333,Henri,Raymond,04/08/1984,0174234482,Henri.Raymond@gmail.com,41,C7,5.72
1740331370861,Charles,Jérôme,09/10/1920,0813254103,Charles.Jérôme@gmail.com,82,L8,3.5100000000000002
1000519119385,Maxime,Patrick,22/07/2003,0654306013,Maxime.Patrick@gmail.com,79,J4,4.94
1740479089871,Sylvain,Émile,26/06/1928,0754203134,Sylvain.Émile@gmail.com,69,L9,6.390000000000001
1161016848525,Hubert,Antoine,12/03/1994,0115664157,Hubert.Antoine@gmail.com,53,C7,3.04
2850207479849,Louis,René,15/09/1961,0135998055,Louis.René@gmail.com,45,L3,1.6300000000000001
2670409061237,Xavier,Alexandre,03/10/1918,0885894800,Xavier.Alexandre@gmail.com,21,D5,5.11
1451202126614,Jacques,Denis,15/07/1980,0417825761,Jacques.Denis@gmail.com,40,B7,9.120000000000001
2391298483273,Vincent,Raymond,06/11/1935,0272380094,Vincent.Raymond@gmail.com,74,H9,1.96
1450472985016,Julie,Olivier,09/04/1956,0155233236,Julie.Olivier@gmail.com,72,M2,9.48
2190669878485,Maurice,Antoine,03/02/1922,0876139040,Maurice.Antoine@gmail.com,26,L1,7.22
2330957461075,Grégory,Grégory,05/12/2018,0828534449,Grégory.Grégory@gmail.com,49,J5,7.7700000000000005
1990474145155,Noël,Jacques,03/05/2004,0352024023,Noël.Jacques@gmail.com,100,C9,4.89
2380839045468,Gilbert,Patrice,05/10/2006,0149254480,Gilbert.Patrice@gmail.com,84,F9,4.16
2040227445006,Antoine,Benjamin,06/11/1928,0527174991,Antoine.Benjamin@gmail.com,41,B6,5.61
2561259869237,Benjamin,Jean-François,14/02/1958,0663667195,Benjamin.Jean-François@gmail.com,44,C8,2.7
2190422132214,Jean,Louis,17/10/2001,0187889138,Jean.Louis@gmail.com,74,N4,1.51
1720460348449,François,Jean,18/03/2005,0674812278,François.Jean@gmail.com,20,F5,4.11
1700660607805,Bernard,Julie,11/06/1918,0266460771,Bernard.Julie@gmail.com,9,C6,2.7600000000000002
1980281820738,Bernard,Renaud,09/10/1959,0655165717,Bernard.Renaud@gmail.com,21,F7,7.49
1191052865856,Romain,Alain,06/12/1963,0790668068,Romain.Alain@gmail.com,75,G8,4.23
1920420749933,Alexandre,Olivier,11/05/1909,0381347206,Alexandre.Olivier@gmail.com,37,C8,3.15
1190261124142,Jérôme,Patrick,25/01/1976,0287604088,Jérôme.Patrick@gmail.com,42,H1,6.86
2321186215031,Alexandre,Laurent,05/11/1966,0742700248,Alexandre.Laurent@gmail.com,78,C5,1.1400000000000001
1070839876283,Alain,Mathieu,28/11/1905,0743172147,Alain.Mathieu@gmail.com,93,A9,5.91
2730366442165,Emmanuel,Albert,24/09/1965,0660293530,Emmanuel.Albert@gmail.com,17,H2,4.75
2601037242599,Xavier,Jean,17/08/1980,0997242340,Xavier.Jean@gmail.com,68,L9,1.55
2120140849972,Xavier,Mathieu,18/07/1974,0945316407,Xavier.Mathieu@gmail.com,54,J4,4.86
1180843848795,Paul,Patrice,11/06/1900,0962437108,Paul.Patrice@gmail.com,18,F3,5.86
2240888539257,Philippe,Cédric,12/12/1913,0273819745,Philippe.Cédric@gmail.com,19,H7,9.52
1770511835270,Arnaud,Julien,03/05/1995,0398468991,Arnaud.Julien@gmail.com,46,D7,1.04
1700758403964,Jérôme,David,22/03/1998,0189440700,Jérôme.David@gmail.com,84,H5,5.79
2760406818131,Christian,Maxime,20/04/1937,0369019928,Christian.Maxime@gmail.com,6,A1,1.54
2500791903782,Jean-Michel,Patrick,17/05/1936,0733722108,Jean-Michel.Patrick@gmail.com,5,C8,4.15
1400736623418,Gustave,Jacques,26/10/1965,0779293595,Gustave.Jacques@gmail.com,34,M3,3.1
2130971216085,Nicolas,Émile,04/07/1926,0712007341,Nicolas.Émile@gmail.com,86,C3,9.78
2820641278794,Xavier,Maxime,13/08/1960,0522041814,Xavier.Maxime@gmail.com,3,H3,0.67
1941031520943,Louis,Sylvain,28/09/1990,0523447776,Louis.Sylvain@gmail.com,61,I5,6.3500000000000005
1540121782354,Olivier,Arnaud,03/11/2014,0669931219,Olivier.Arnaud@gmail.com,37,L5,6.93
1150989937136,Mathieu,Vincent,02/10/2022,0818378508,Mathieu.Vincent@gmail.com,35,G2,1.03
2990390446207,Henri,David,22/11/1985,0760081223,Henri.David@gmail.com,73,F4,2.5
2070237981611,Hervé,Laurent,13/07/1902,0718426132,Hervé.Laurent@gmail.com,5,L6,5.92
1460316732239,Hubert,Jérôme,09/07/1909,0219181219,Hubert.Jérôme@gmail.com,4,D5,9.51
1150531254895,Lucien,Olivier,05/08/1913,0242426557,Lucien.Olivier@gmail.com,1,B9,7.57
2130862728577,Jacques,Hubert,01/08/1987,0211364050,Jacques.Hubert@gmail.com,24,M6,3.09
1610123911605,Yann,Étienne,27/09/1944,0341331271,Yann.Étienne@gmail.com,61,L9,4.75
2431078836726,Bernard,Philippe,16/11/1991,0385698364,Bernard.Philippe@gmail.com,45,E5,3.62
2731283096552,Armand,André,11/09/1979,0520969415,Armand.André@gmail.com,65,N5,5.45
2140587339387,Jean-Michel,Jérôme,08/09/1915,0630174938,Jean-Michel.Jérôme@gmail.com,53,C2,6.32
1210136978869,Vincent,Édouard,17/11/1981,0825945740,Vincent.Édouard@gmail.com,60,A3,9.02
2570568078310,Gilles,Yann,24/07/1994,0128035425,Gilles.Yann@gmail.com,46,L6,3.71
2871001851930,Vincent,Gilles,19/07/1993,0367097503,Vincent.Gilles@gmail.com,73,F4,6.32
2611149058753,Lionel,François,18/06/1908,0119699607,Lionel.François@gmail.com,86,A5,3.5100000000000002
2071080719821,Alfred,Renaud,10/05/1987,0119212691,Alfred.Renaud@gmail.com,63,I2,8.72
2090373614043,Yves,Maxime,01/01/2022,0550218293,Yves.Maxime@gmail.com,49,G7,0.11
2070242974805,Thierry,Étienne,25/06/2005,0891480301,Thierry.Étienne@gmail.com,5,F5,7.82
1870210568353,Gustave,Christian,13/12/2007,0950606043,Gustave.Christian@gmail.com,86,H9,8.68
2531015053676,René,Cyril,25/04/1918,0647900665,René.Cyril@gmail.com,46,E8,9.19
1900199989406,Christian,Mathieu,12/07/1990,0285094493,Christian.Mathieu@gmail.com,20,J6,1.8900000000000001
2600301939594,Benoît,Charles,19/06/1940,0895226610,Benoît.Charles@gmail.com,4,F8,5.59
1580583995793,Fernand,Hervé,07/05/2021,0617562340,Fernand.Hervé@gmail.com,13,G1,6.5600000000000005
2111003257552,Nicolas,Patrice,19/05/2013,0988370451,Nicolas.Patrice@gmail.com,21,C8,1.12
1170190195207,Julien,Philippe,10/11/1999,0311638985,Julien.Philippe@gmail.com,85,L6,1.83
2740233212321,Philippe,Fernand,06/05/1921,0257437958,Philippe.Fernand@gmail.com,89,B9,9.56
2800396849357,Philippe,Maxime,23/04/1963,0944605954,Philippe.Maxime@gmail.com,75,H9,3.21
2150611784740,Michel,Jean,18/05/1982,0885240809,Michel.Jean@gmail.com,14,M1,3.16
1740248820706,Julie,Lucie,01/07/1912,0947015037,Julie.Lucie@gmail.com,60,H3,4.01
1400954263896,Vincent,Romain,28/08/1969,0719877514,Vincent.Romain@gmail.com,28,K6,2.16
2780616222693,Patrice,Marc,15/09/1954,0893403996,Patrice.Marc@gmail.com,8,L9,0.05
1390287511921,Pierre,Philippe,06/03/1916,0339458494,Pierre.Philippe@gmail.com,57,J8,7.16
1870390978368,Romain,Benoît,05/10/1978,0921484176,Romain.Benoît@gmail.com,93,F1,9.75
1060156079907,Jacques,Joseph,01/07/1905,0595178566,Jacques.Joseph@gmail.com,80,I7,7.62
1331239784454,Benoît,Alain,27/02/1916,0739457450,Benoît.Alain@gmail.com,17,E2,3.22
1730322542867,Gustave,Alain,11/07/1901,0486469897,Gustave.Alain@gmail.com,58,C5,2.63
2220124506472,Benoît,Fernand,10/02/1911,0645987137,Benoît.Fernand@gmail.com,47,M3,6.34
1131025061917,Christophe,Auguste,05/01/1998,0398395202,Christophe.Auguste@gmail.com,73,A1,7.5600000000000005
1000736558590,Charles,Stéphane,22/10/1992,0490063305,Charles.Stéphane@gmail.com,48,H6,1.84
2451029898120,Pierre,Daniel,04/01/2013,0193485878,Pierre.Daniel@gmail.com,95,D1,2.44
1980735252161,Denis,Michel,20/11/1932,0638598251,Denis.Michel@gmail.com,49,K8,3.56
1731043951956,Michel,André,19/12/1939,0927698844,Michel.André@gmail.com,19,B8,1.4000000000000001
1220910781557,François,Maxime,17/06/1978,0398332537,François.Maxime@gmail.com,19,E4,8.88
1160158655312,Vincent,Auguste,27/07/1984,0851426800,Vincent.Auguste@gmail.com,67,I6,9.58
1501122854316,Gilbert,Thomas,28/03/1948,0410837178,Gilbert.Thomas@gmail.com,86,C1,8.23
1461016852427,Étienne,Sylvain,10/03/1991,0625149003,Étienne.Sylvain@gmail.com,50,E7,5.2
2351110641532,Maxime,Jérôme,12/01/1981,0372628029,Maxime.Jérôme@gmail.com,5,I6,0.17
1361071667617,Denis,Gérard,06/09/1924,0963346940,Denis.Gérard@gmail.com,86,J8,2.14
1220450769627,Thomas,Marie,26/01/1958,0862263265,Thomas.Marie@gmail.com,34,K6,8.0
1331080566206,Jean-François,Daniel,18/03/1984,0183258267,Jean-François.Daniel@gmail.com,92,M7,7.99
2190653757949,François,Pierre,05/07/1977,0311750536,François.Pierre@gmail.com,13,D4,7.3100000000000005
1780167220402,Guillaume,Pascal,17/08/1958,0967579798,Guillaume.Pascal@gmail.com,2,A5,2.18
2300985963966,Pierre,Julien,21/02/1947,0475161240,Pierre.Julien@gmail.com,87,L9,4.69
1831254414673,Laurent,Renaud,25/08/1918,0758776019,Laurent.Renaud@gmail.com,98,A8,2.05
2210268437777,Denis,Alexandre,22/03/1956,0617019848,Denis.Alexandre@gmail.com,17,F6,8.47
2180636644227,Bertrand,Marius,19/05/1902,0995782799,Bertrand.Marius@gmail.com,24,A6,9.42
2710690885893,Étienne,Michel,10/10/1972,0654410846,Étienne.Michel@gmail.com,6,F1,2.46
2171140305822,Gustave,Jean-Pierre,17/12/1999,0920783981,Gustave.Jean-Pierre@gmail.com,23,C8,6.96
2251021315361,Noël,Émile,15/10/1955,0346046385,Noël.Émile@gmail.com,17,G3,4.91
1071102563480,Jean,Jean,10/02/1927,0326954297,Jean.Jean@gmail.com,82,A3,2.4
2150865978242,Gustave,Christian,19/09/2011,0393880664,Gustave.Christian@gmail.com,53,K6,9.49
2520186742411,Denis,Damien,03/03/1905,0256756207,Denis.Damien@gmail.com,2,K1,2.12
2310312094966,Arnaud,Alexandre,18/05/1940,0816498847,Arnaud.Alexandre@gmail.com,28,M1,3.24
2791134589740,Fabien,Alfred,20/12/2000,0181511699,Fabien.Alfred@gmail.com,74,L7,1.45
2851205982661,Michel,Albert,06/02/1982,0649209698,Michel.Albert@gmail.com,15,B3,1.58
2290743807639,Lionel,Renaud,01/02/1915,0669484477,Lionel.Renaud@gmail.com,44,E5,6.76
2210614699253,Xavier,Olivier,06/01/1964,0122756303,Xavier.Olivier@gmail.com,19,A9,7.42
1520918712204,Albert,Pierre,19/03/1957,0580675927,Albert.Pierre@gmail.com,40,C1,1.8
2090867413746,Yves,Alice,08/12/1981,0142498259,Yves.Alice@gmail.com,8,K3,2.46
1021165155771,Bertrand,Mathieu,22/12/1942,0618608572,Bertrand.Mathieu@gmail.com,72,J3,0.66
1501003581807,Olivier,Joseph,24/02/2007,0678366963,Olivier.Joseph@gmail.com,37,N8,2.72
2400382937881,Claude,André,11/04/1991,0444820871,Claude.André@gmail.com,27,F8,1.97
2930452837850,René,Joseph,15/08/1982,0878247871,René.Joseph@gmail.com,95,B8,6.95
2230807504963,Paul,Romain,02/03/1947,0212265877,Paul.Romain@gmail.com,45,L1,8.040000000000001
2121220305806,Benjamin,Maxime,21/11/1985,0520080016,Benjamin.Maxime@gmail.com,62,E6,1.72
2400389976532,Mathieu,Jacques,18/11/1987,0870583259,Mathieu.Jacques@gmail.com,93,D2,1.85
2860772919576,Emmanuel,Hervé,14/11/2015,0650237493,Emmanuel.Hervé@gmail.com,48,F9,9.26
2770237424278,Pierre,Maxime,11/10/1992,0192477043,Pierre.Maxime@gmail.com,72,A1,9.24
2570959896152,Gustave,Jacques,19/11/1950,0281456462,Gustave.Jacques@gmail.com,8,F4,7.4
1440379582547,Stéphane,Louis,27/07/1993,0335167906,Stéphane.Louis@gmail.com,31,I5,4.8100000000000005
2510583908393,Gustave,Laurent,05/12/1994,0917871016,Gustave.Laurent@gmail.com,31,L4,8.18
2600133401489,Sophie,Armand,15/03/1922,0456902593,Sophie.Armand@gmail.com,32,J8,6.1000000000000005
1080634235418,Paul,Raoul,05/12/2006,0951746295,Paul.Raoul@gmail.com,48,F6,8.3
2470795898469,Mathieu,Hervé,06/12/1940,0927210163,Mathieu.Hervé@gmail.com,61,J3,4.0
1160371053806,Damien,Gustave,22/02/2005,0258602950,Damien.Gustave@gmail.com,81,M5,4.54
2940299136394,Étienne,Romain,11/10/1919,0323717481,Étienne.Romain@gmail.com,73,I2,7.26
2180850197678,Noël,Olivier,01/10/1992,0114629308,Noël.Olivier@gmail.com,52,D3,0.86
2031022213128,Denis,Éric,28/08/1910,0443100180,Denis.Éric@gmail.com,88,K7,0.96
2190186644025,Michel,David,10/01/1971,0459815380,Michel.David@gmail.com,46,A4,6.5
1201164343090,Gérard,Christian,11/10/1975,0297561554,Gérard.Christian@gmail.com,95,A3,2.25
2140792526585,Olivier,Pierre,22/08/1905,0853188843,Olivier.Pierre@gmail.com,30,J3,6.72
1031255409714,Pierre,Grégory,27/04/1933,0550812406,Pierre.Grégory@gmail.com,69,A4,7.390000000000001
1840408791090,Nicolas,Benoît,18/12/1987,0234121488,Nicolas.Benoît@gmail.com,69,H1,6.140000000000001
2830286541669,Alice,Vincent,10/05/2015,0389918725,Alice.Vincent@gmail.com,12,L8,8.68
2050601017573,Gustave,Emmanuel,04/10/1935,0493596837,Gustave.Emmanuel@gmail.com,29,L9,8.6
2091128619670,Olivier,Jean-Pierre,03/10/2005,0921207287,Olivier.Jean-Pierre@gmail.com,97,A7,4.2
2030602026712,Sébastien,Julien,12/08/1914,0722387170,Sébastien.Julien@gmail.com,4,D9,5.74
2440611452354,Lionel,Laurent,14/07/1983,0155605485,Lionel.Laurent@gmail.com,5,A6,8.370000000000001
2030841228799,Frédéric,Mathieu,11/08/1943,0917104383,Frédéric.Mathieu@gmail.com,9,C9,6.49
1150805857904,Grégory,Gérard,25/08/1967,0584009274,Grégory.Gérard@gmail.com,72,C4,7.2700000000000005
1610319842690,Sébastien,Alexandre,18/07/1994,0249757854,Sébastien.Alexandre@gmail.com,52,C8,9.36
2160658415762,Guillaume,Édouard,07/03/2012,0562938145,Guillaume.Édouard@gmail.com,64,A1,9.0
1210344069860,Alexandre,Hubert,11/05/2023,0197942773,Alexandre.Hubert@gmail.com,39,G2,1.31
2511147843125,Albert,Renaud,05/03/1933,0472807903,Albert.Renaud@gmail.com,75,I8,8.870000000000001
1471094647118,Pascal,Olivier,19/08/1987,0872258846,Pascal.Olivier@gmail.com,88,F2,8.98
2500729457370,André,Frédéric,10/11/1991,0961465729,André.Frédéric@gmail.com,4,F2,4.8500000000000005
2840926701098,Auguste,Éric,22/09/1975,0592768805,Auguste.Éric@gmail.com,82,F3,3.93
2050987304540,Gilles,Pierre,06/02/2022,0484059265,Gilles.Pierre@gmail.com,57,B3,5.97
2150317178258,Cyril,Gabriel,10/11/2012,0688946891,Cyril.Gabriel@gmail.com,79,D1,5.1000000000000005
2100768753119,Lucie,Alexandre,28/06/2017,0444351079,Lucie.Alexandre@gmail.com,37,I6,7.98
1180505217707,Éric,Gustave,13/09/2009,0969088040,Éric.Gustave@gmail.com,56,L8,9.01
2200663998038,Julien,Antoine,26/03/2000,0832552209,Julien.Antoine@gmail.com,34,K8,8.33
2570148733281,Benjamin,Joseph,24/01/1914,0348031808,Benjamin.Joseph@gmail.com,59,M6,6.33
2930819496137,Frédéric,Georges,21/07/1967,0475880182,Frédéric.Georges@gmail.com,69,M7,3.7800000000000002
1130953089879,Frédéric,Yann,22/12/2010,0914913829,Frédéric.Yann@gmail.com,75,J5,1.55
2861192218755,Michel,Georges,21/09/1942,0459791674,Michel.Georges@gmail.com,62,G9,3.93
2050814550621,Jérôme,Vincent,19/09/1913,0465916508,Jérôme.Vincent@gmail.com,77,M9,7.3
1550529029900,Jean,Hervé,13/05/1954,0617931968,Jean.Hervé@gmail.com,5,L3,0.26
1911148873196,Jean-Pierre,Cyril,01/09/1934,0281920228,Jean-Pierre.Cyril@gmail.com,18,G9,9.81
1030508762798,Noël,Arnaud,08/06/1934,0771031153,Noël.Arnaud@gmail.com,14,H1,6.07
1350185689728,Pascal,Marius,24/09/1906,0110670311,Pascal.Marius@gmail.com,7,L8,3.37
1130802128541,Hervé,Yann,03/01/2003,0490435755,Hervé.Yann@gmail.com,38,F5,2.52
1160904566969,Noël,David,19/12/2004,0545523901,Noël.David@gmail.com,41,L8,1.45
2360748773594,Marie,Bernard,03/09/1964,0799797457,Marie.Bernard@gmail.com,81,F2,8.97
2610415724150,Claude,Marie,23/05/1962,0321345156,Claude.Marie@gmail.com,56,J6,0.4
2541050855783,Lionel,Maxime,27/12/2006,0918235158,Lionel.Maxime@gmail.com,82,N7,0.6
1230307794190,Sébastien,François,24/10/1974,0910561490,Sébastien.François@gmail.com,10,F5,4.92
1220646544912,Bertrand,Frédéric,19/10/1978,0156176266,Bertrand.Frédéric@gmail.com,11,M1,9.96
1720888358994,Patrice,Pierre,15/09/1995,0996416607,Patrice.Pierre@gmail.com,31,I8,8.43
1490713406843,Julien,Gérard,27/10/1999,0933892431,Julien.Gérard@gmail.com,54,D6,4.12
2520851746331,Frédéric,Jacques,12/12/1951,0680305806,Frédéric.Jacques@gmail.com,55,D1,7.2
1190597937551,Pierre,Arnaud,06/12/1918,0718684157,Pierre.Arnaud@gmail.com,43,J2,0.58
1101230879517,Maurice,Denis,15/07/1986,0157427025,Maurice.Denis@gmail.com,97,D6,9.6
1501270196940,Georges,Christophe,13/11/1974,0593088543,Georges.Christophe@gmail.com,27,K6,1.83
1350346724071,Émile,Paul,04/07/1960,0276661230,Émile.Paul@gmail.com,35,F2,3.81
2230510047079,Édouard,Maxime,08/04/1924,0449703134,Édouard.Maxime@gmail.com,50,B6,4.8
2520417404366,Vincent,Philippe,11/07/1969,0940745663,Vincent.Philippe@gmail.com,5,D9,0.61
2231099319627,Vincent,Jacques,21/05/1937,0399478487,Vincent.Jacques@gmail.com,97,E1,6.22
1550255673412,Renaud,Gabriel,10/09/1917,0318286974,Renaud.Gabriel@gmail.com,67,A9,4.57
2700270045313,Cyril,Maxime,10/08/1900,0497859288,Cyril.Maxime@gmail.com,29,B7,9.05
2330977217119,Jean,Sébastien,07/05/1904,0454610261,Jean.Sébastien@gmail.com,8,A9,2.38
1021093680972,Denis,Denis,17/03/1943,0198931278,Denis.Denis@gmail.com,89,G5,2.04
1320409393042,Bertrand,Guillaume,28/04/1930,0439014906,Bertrand.Guillaume@gmail.com,17,F1,5.4
2210136200090,Vincent,Paul,21/01/1917,0842577675,Vincent.Paul@gmail.com,71,K5,9.39
2750839799279,Étienne,Marius,17/08/1955,0356003357,Étienne.Marius@gmail.com,60,C5,7.99
1040624414210,Xavier,Maurice,12/01/1907,0155380834,Xavier.Maurice@gmail.com,51,B8,5.42
2611031074196,Joseph,Sébastien,14/04/2010,0791302052,Joseph.Sébastien@gmail.com,72,G8,8.89
1480516329757,Maurice,Emmanuel,08/09/1960,0473091082,Maurice.Emmanuel@gmail.com,19,G5,3.58
2291214058011,Alexandre,Philippe,17/10/1971,0322493033,Alexandre.Philippe@gmail.com,71,K9,2.64
2050297996860,Bernard,Mathieu,13/08/1999,0957705413,Bernard.Mathieu@gmail.com,49,B8,8.46
2781151365372,Julie,Yves,22/05/2013,0991500101,Julie.Yves@gmail.com,6,N6,6.08
2860221008828,Stéphane,Georges,11/03/1963,0443339802,Stéphane.Georges@gmail.com,28,D3,1.28
1761228305840,Pierre,Gabriel,01/05/1927,0811475170,Pierre.Gabriel@gmail.com,46,D7,3.94
1070182660196,Mathieu,Henri,09/01/1997,0159152693,Mathieu.Henri@gmail.com,25,D4,9.88
1151115389456,Sophie,Albert,19/07/1967,0833998163,Sophie.Albert@gmail.com,87,H6,4.09
1200888459552,Auguste,Laurent,09/09/1976,0273633236,Auguste.Laurent@gmail.com,36,A6,1.19
2020464138539,Olivier,Emmanuel,18/05/1945,0383284044,Olivier.Emmanuel@gmail.com,44,H6,4.11
1150712509538,Armand,Maxime,22/05/1986,0455480528,Armand.Maxime@gmail.com,14,G2,7.58
1950481344154,Noël,Alice,06/11/1926,0798141397,Noël.Alice@gmail.com,59,C1,9.14
1510388080950,Arnaud,Patrick,24/02/1982,0323432325,Arnaud.Patrick@gmail.com,58,B9,8.700000000000001
2120758688626,René,Grégory,07/07/1944,0188097209,René.Grégory@gmail.com,55,D2,9.38
1611235472896,Julien,Hervé,01/02/2010,0881706908,Julien.Hervé@gmail.com,23,J4,9.63
1051014092713,Yves,Fabien,03/01/1904,0851389799,Yves.Fabien@gmail.com,99,K7,6.140000000000001
1160919087502,Paul,Olivier,17/05/2012,0910460346,Paul.Olivier@gmail.com,66,N8,4.79
1541122544626,Olivier,Jacques,17/09/1962,0723069088,Olivier.Jacques@gmail.com,12,C8,3.04
1850289763455,Alfred,Pascal,08/08/1991,0850902610,Alfred.Pascal@gmail.com,39,J2,4.15
2980141618297,Marc,Pascal,25/04/2005,0354465674,Marc.Pascal@gmail.com,38,H7,6.0200000000000005
1290624683612,Étienne,Jean-Luc,21/07/1981,0217404290,Étienne.Jean-Luc@gmail.com,9,K7,8.02
1610361940894,Mathieu,Pascal,07/04/1952,0831473737,Mathieu.Pascal@gmail.com,30,I4,5.0200000000000005
1010528285817,Yann,Fernand,02/11/1903,0731971132,Yann.Fernand@gmail.com,22,A1,0.93
1450405200155,Emmanuel,Pierre,05/11/1912,0618087806,Emmanuel.Pierre@gmail.com,38,H8,2.24
2640884583823,Auguste,Patrice,24/08/1913,0184301827,Auguste.Patrice@gmail.com,58,M2,4.48
2270940937446,Damien,Jacques,05/05/1964,0614151241,Damien.Jacques@gmail.com,37,M9,7.2700000000000005
2570229403456,Gabriel,Jérôme,14/02/2005,0417277069,Gabriel.Jérôme@gmail.com,97,E8,2.79
1171241534594,Arthur,David,16/02/2019,0937786006,Arthur.David@gmail.com,71,A1,6.21
1190275497983,Hervé,Gabriel,22/11/1978,0594374665,Hervé.Gabriel@gmail.com,53,J7,0.47000000000000003
1081121212301,Raymond,Yann,23/05/1930,0261822964,Raymond.Yann@gmail.com,77,K9,8.43
1180842597261,Sophie,Mathieu,09/12/1910,0286279338,Sophie.Mathieu@gmail.com,31,N7,4.61
2040305613585,Raoul,Jacques,26/06/2001,0846010500,Raoul.Jacques@gmail.com,28,F5,6.3100000000000005
1130389123585,Gustave,Cyril,22/04/1907,0425653147,Gustave.Cyril@gmail.com,32,D2,3.6
2130134298233,Bernard,Étienne,12/03/1931,0641585624,Bernard.Étienne@gmail.com,96,M1,9.99
1090961795364,Arthur,André,24/06/1924,0565320909,Arthur.André@gmail.com,1,K9,6.01
1760557371249,Jacques,Maxime,04/09/1997,0898326958,Jacques.Maxime@gmail.com,30,A1,5.5200000000000005
1861278350669,Damien,Vincent,24/06/1933,0490978970,Damien.Vincent@gmail.com,30,G9,8.61
1350861937676,Vincent,Michel,08/08/1961,0991812540,Vincent.Michel@gmail.com,67,A1,3.6
1380231651748,Antoine,Romain,24/02/2006,0239249737,Antoine.Romain@gmail.com,90,G3,5.79
1060921643763,Olivier,Gilbert,10/08/1925,0430009511,Olivier.Gilbert@gmail.com,7,G4,0.28
1061167820756,Julie,Julien,15/11/2001,0496970488,Julie.Julien@gmail.com,57,B7,9.14
2111160169421,Hervé,Julie,23/09/1905,0170357207,Hervé.Julie@gmail.com,8,M8,9.98
2010103493739,Olivier,Gérard,09/05/2008,0783713622,Olivier.Gérard@gmail.com,80,G1,3.97
1931239727284,Gabriel,Pascal,24/02/1958,0796364240,Gabriel.Pascal@gmail.com,38,E1,3.09
1530843930113,Hubert,Philippe,23/08/1938,0610732908,Hubert.Philippe@gmail.com,9,D9,0.74
1691171864911,Hervé,Maxime,15/09/1977,0477728910,Hervé.Maxime@gmail.com,8,E7,7.73
1870688181478,Édouard,Lucie,22/10/1996,0760100865,Édouard.Lucie@gmail.com,14,M3,7.08
1361136764587,Émile,Georges,20/03/1987,0625512444,Émile.Georges@gmail.com,6,K5,0.99
2230758704200,Olivier,Gérard,23/12/1980,0660733641,Olivier.Gérard@gmail.com,91,L7,0.34
1900699583863,Thierry,Éric,13/01/1967,0792179924,Thierry.Éric@gmail.com,69,M6,8.040000000000001
1041046251188,Damien,Louis,23/12/1969,0519072321,Damien.Louis@gmail.com,67,I8,9.9
1121035838270,Jean,Hubert,08/06/1962,0868393221,Jean.Hubert@gmail.com,21,B1,5.93
2351166560640,Étienne,Antoine,01/01/2021,0382991918,Étienne.Antoine@gmail.com,62,E8,0.4
1581038100756,Patrick,Patrick,04/06/1978,0751668633,Patrick.Patrick@gmail.com,33,J7,7.53
1161094079384,Philippe,Jacques,14/03/1922,0276281498,Philippe.Jacques@gmail.com,9,F3,8.700000000000001
1210305751581,Denis,Étienne,14/06/1918,0876115834,Denis.Étienne@gmail.com,37,F5,7.44
1770155832237,Louis,Étienne,28/07/1914,0896915296,Louis.Étienne@gmail.com,46,D1,5.58
2091188912401,Patrice,Nicolas,04/11/2009,0391431876,Patrice.Nicolas@gmail.com,82,G1,4.6000000000000005
1040418887321,Fernand,Damien,18/02/1977,0447090499,Fernand.Damien@gmail.com,24,K4,2.62
1590946471238,Frédéric,Michel,24/07/1948,0473992687,Frédéric.Michel@gmail.com,10,I6,4.3
1000866443936,Hervé,Stéphane,13/04/2015,0537530163,Hervé.Stéphane@gmail.com,9,J9,4.87
1630697517413,Auguste,Vincent,21/12/1958,0643672558,Auguste.Vincent@gmail.com,36,C9,7.76
1940177117008,Philippe,Benoît,27/02/1968,0211353706,Philippe.Benoît@gmail.com,57,H8,8.9
2080655637022,Jean-Pierre,Lionel,09/01/1903,0269054724,Jean-Pierre.Lionel@gmail.com,34,N8,4.28
2040441973109,Vincent,Denis,19/02/2013,0583154941,Vincent.Denis@gmail.com,15,B2,2.16
2010162684367,Lucien,Thierry,21/06/1901,0673287343,Lucien.Thierry@gmail.com,4,A3,6.99
1220671470941,Alexandre,Maurice,04/08/1996,0995993154,Alexandre.Maurice@gmail.com,95,L6,0.17
2530614157520,Julien,Laurent,18/08/1911,0486312473,Julien.Laurent@gmail.com,11,B2,9.49
2840745031204,Christophe,Benjamin,03/03/1927,0377651267,Christophe.Benjamin@gmail.com,47,J1,5.3500000000000005
1061296943694,Jean,Nicolas,15/06/2005,0126563975,Jean.Nicolas@gmail.com,31,L4,2.09
2060850755269,Antoine,Nicolas,03/10/1906,0350224552,Antoine.Nicolas@gmail.com,42,H8,6.76
2090783040111,Pascal,David,15/09/1921,0172542838,Pascal.David@gmail.com,19,G5,6.04
2830576821483,Paul,Bernard,01/10/1975,0881596019,Paul.Bernard@gmail.com,68,F4,2.68
2160855213152,Christian,Jacques,09/07/1924,0190558805,Christian.Jacques@gmail.com,41,F4,6.48
2970629447836,Paul,Étienne,02/12/1948,0721799214,Paul.Étienne@gmail.com,69,B7,3.59
2051127139706,Benoît,Laurent,04/01/1937,0968230547,Benoît.Laurent@gmail.com,77,L3,9.13
1210388159294,Yves,Claude,04/07/1975,0493683666,Yves.Claude@gmail.com,68,J9,0.48
1400960880897,Benoît,Pierre,11/10/2013,0583119927,Benoît.Pierre@gmail.com,60,A2,5.28
1690589906134,Jérôme,Julie,23/06/2001,0845979064,Jérôme.Julie@gmail.com,3,J1,9.38
2200121116176,Gustave,Gustave,27/02/1980,0935093929,Gustave.Gustave@gmail.com,79,K4,1.54
2181097334917,Marius,Christian,22/06/1985,0531190966,Marius.Christian@gmail.com,73,F5,5.53
2531178346374,Patrice,Jean-Pierre,17/03/2010,0577501485,Patrice.Jean-Pierre@gmail.com,59,G6,9.89
1890110144070,Frédéric,Vincent,24/04/1948,0177881393,Frédéric.Vincent@gmail.com,86,J9,0.63
2000921750226,Nicolas,Hubert,17/06/2009,0268289293,Nicolas.Hubert@gmail.com,95,F7,8.42
2230358025249,Denis,Philippe,08/09/2021,0233073265,Denis.Philippe@gmail.com,90,J1,7.79
1181226387859,Jean,Daniel,01/04/1911,0644184693,Jean.Daniel@gmail.com,25,K7,3.71
2081037680186,Sébastien,Yann,10/11/1915,0779698486,Sébastien.Yann@gmail.com,85,K2,7.88
1290339142283,Guillaume,Paul,13/12/2006,0641382906,Guillaume.Paul@gmail.com,86,F2,3.0500000000000003
2501112618738,Nicolas,Christian,17/11/1991,0614881329,Nicolas.Christian@gmail.com,84,D9,6.91
1040806762510,Frédéric,Thierry,17/02/1913,0586495170,Frédéric.Thierry@gmail.com,70,N8,3.73
2701025636185,Frédéric,Arnaud,18/04/2017,0364100084,Frédéric.Arnaud@gmail.com,41,I8,3.17
1021077533714,Grégory,Benjamin,12/09/2018,0897028416,Grégory.Benjamin@gmail.com,20,H1,4.26
2120668858139,Maxime,Vincent,20/06/1941,0960406784,Maxime.Vincent@gmail.com,17,N8,3.21
1220208804625,Jérôme,Denis,24/01/1973,0712249858,Jérôme.Denis@gmail.com,73,A2,4.01
2320841634045,Jean-François,Michel,01/04/2003,0448200901,Jean-François.Michel@gmail.com,11,E2,1.79
1061008319701,Maxime,Fernand,20/07/2018,0211366821,Maxime.Fernand@gmail.com,22,C6,1.47
2070308981449,Éric,Patrick,26/08/1902,0590440825,Éric.Patrick@gmail.com,28,D2,3.0
1250172075766,Auguste,Romain,03/08/1999,0497010542,Auguste.Romain@gmail.com,58,A3,5.19
1101237950639,Bernard,Marius,14/04/1995,0197840979,Bernard.Marius@gmail.com,72,C1,2.31
1820904776001,Laurent,Bernard,06/04/2022,0245011028,Laurent.Bernard@gmail.com,14,C4,2.4
1531041237863,Romain,Louis,24/06/1977,0290357797,Romain.Louis@gmail.com,34,G9,3.2
1610451666735,Vincent,Grégory,01/04/1971,0654825376,Vincent.Grégory@gmail.com,18,F5,6.24
